# Blender 4.5.3 LTS
# www.blender.org
mtllib проект хорор.mtl
o Cube
v -1.713000 0.624790 1.622254
v -1.713000 -0.103041 1.622254
v -0.976949 0.624790 -1.195317
v -0.976949 -0.103041 -1.195317
v 0.958414 0.624790 -1.185317
v 0.958414 -0.103041 -1.185317
v 2.796163 0.624790 2.342096
v 2.796163 -0.103041 2.342096
v 2.796163 0.624790 2.342096
v 2.796163 -0.103041 2.342096
v 4.371035 0.624790 2.350205
v 4.371035 -0.103041 2.350205
v -1.698383 0.624790 2.168363
v -1.698383 -0.103041 2.168363
v -4.316763 0.624790 1.622254
v -4.316763 -0.103041 1.622254
v -2.322005 0.624790 2.168363
v -2.322809 0.624790 1.622254
v -2.322006 -0.103041 2.168363
v -2.322809 -0.103041 1.622254
v -3.952312 0.624790 0.050112
v -3.952312 -0.103041 0.050112
v -3.244036 0.624790 0.050112
v -3.244036 -0.103041 0.050112
v -1.577636 0.624790 -2.512202
v -1.577636 -0.103041 -2.512202
v -0.835669 0.624789 -1.777698
v -0.835670 -0.103041 -1.777698
v -1.161906 -0.103041 -1.410834
v -1.161906 0.624789 -1.410833
v -2.343952 0.624790 -2.487267
v -2.343952 -0.103041 -2.487267
v 0.584340 0.624789 -3.534177
v 0.584340 -0.103041 -3.534177
v 0.351996 0.624789 -3.534177
v 0.351996 -0.103041 -3.534177
v 0.096480 0.624789 -1.967481
v 0.096480 -0.103041 -1.967481
v -0.090981 0.624789 -1.967481
v -0.090981 -0.103041 -1.967481
v 3.318184 -0.103041 -2.511464
v 3.318184 0.624789 -2.511464
v 3.318184 -0.103041 -2.729296
v 3.318184 0.624789 -2.729296
v 1.626238 -0.103041 -2.396140
v 1.626238 0.624789 -2.396140
v 3.900948 -0.103041 -1.935972
v 3.900948 0.624789 -1.935972
v 3.603769 -0.103041 -2.170633
v 3.603769 0.624789 -2.170633
v 3.849513 0.624789 -0.689579
v 3.849513 -0.103041 -0.689579
v 2.954462 -0.103041 -3.158618
v 2.954462 0.624789 -3.158618
v -1.135079 -0.103041 -1.379574
v -1.135079 0.624789 -1.379574
v -1.988650 -0.103041 -2.150167
v -1.988650 0.624790 -2.150167
v -4.316763 -0.103041 0.100028
v -4.316763 0.624790 0.100028
v -2.322809 0.624790 0.100040
v -2.322809 -0.103041 0.100040
v -4.316763 0.624790 1.554620
v -2.322809 -0.103041 1.554620
v -4.316763 -0.103041 1.554620
v -2.322809 0.624790 1.554620
v -1.544930 0.624790 1.622254
v -1.544930 -0.103041 1.622254
v -3.760801 0.624790 3.010761
v -3.553412 0.624790 3.010761
v -3.553411 -0.103041 3.010761
v -3.760801 -0.103041 3.010761
v 2.596999 0.624790 2.342096
v 2.589999 0.624790 2.349096
v 2.592049 0.624790 2.344146
v 2.589999 -0.103041 2.349096
v 2.596999 -0.103041 2.342096
v 2.592049 -0.103041 2.344146
v 2.589999 0.624790 2.658199
v 2.582999 0.624790 2.665199
v 2.587949 0.624790 2.663149
v 2.582999 -0.103041 2.665199
v 2.589999 -0.103041 2.658199
v 2.587949 -0.103041 2.663149
v 1.542099 0.624790 2.665199
v 1.535099 0.624790 2.658199
v 1.537149 0.624790 2.663149
v 1.535099 -0.103041 2.658199
v 1.542099 -0.103041 2.665199
v 1.537149 -0.103041 2.663149
v 1.535099 0.624790 2.349096
v 1.528099 0.624790 2.342096
v 1.533048 0.624790 2.344146
v 1.528099 -0.103041 2.342096
v 1.535099 -0.103041 2.349096
v 1.533048 -0.103041 2.344146
v 1.102987 0.624790 2.342096
v 1.095987 0.624790 2.349096
v 1.098037 0.624790 2.344146
v 1.095987 -0.103041 2.349096
v 1.102987 -0.103041 2.342096
v 1.098037 -0.103041 2.344146
v 0.505989 0.624790 2.342096
v 0.512989 0.624790 2.349096
v 0.510939 0.624790 2.344146
v 0.512989 -0.103041 2.349096
v 0.505989 -0.103041 2.342096
v 0.510939 -0.103041 2.344146
v -0.029518 0.624790 2.349096
v -0.022518 0.624790 2.342096
v -0.027468 0.624790 2.344146
v -0.022518 -0.103041 2.342096
v -0.029518 -0.103041 2.349096
v -0.027468 -0.103041 2.344146
v -0.036518 0.624790 2.389870
v -0.029518 0.624790 2.382870
v -0.031568 0.624790 2.387820
v -0.029518 -0.103041 2.382870
v -0.036518 -0.103041 2.389870
v -0.031568 -0.103041 2.387820
v -1.199086 0.624790 2.382870
v -1.192086 0.624790 2.389870
v -1.197036 0.624790 2.387820
v -1.192086 -0.103041 2.389870
v -1.199086 -0.103041 2.382870
v -1.197036 -0.103041 2.387820
v -1.206086 0.624790 2.168363
v -1.199086 0.624790 2.175363
v -1.201136 0.624790 2.170413
v -1.199086 -0.103041 2.175363
v -1.206086 -0.103041 2.168363
v -1.201136 -0.103041 2.170413
v -1.498383 0.624790 2.161363
v -1.491383 0.624790 2.168363
v -1.496332 0.624790 2.166313
v -1.491383 -0.103041 2.168363
v -1.498383 -0.103041 2.161363
v -1.496332 -0.103041 2.166313
v -1.505383 0.624790 1.622254
v -1.498383 0.624790 1.629254
v -1.500433 0.624790 1.624305
v -1.498383 -0.103041 1.629254
v -1.505383 -0.103041 1.622254
v -1.500433 -0.103041 1.624305
v -1.706000 0.624790 1.032285
v -1.713000 0.624790 1.039285
v -1.710949 0.624790 1.034335
v -1.713000 -0.103041 1.039285
v -1.706000 -0.103041 1.032285
v -1.710949 -0.103041 1.034335
v -1.652117 0.624790 1.025285
v -1.659117 0.624790 1.032285
v -1.654167 0.624790 1.030235
v -1.659117 -0.103041 1.032285
v -1.652117 -0.103041 1.025285
v -1.654167 -0.103041 1.030235
v -1.647689 0.624790 -0.155591
v -1.652117 0.624790 -0.143169
v -1.650820 0.624790 -0.149707
v -1.652117 -0.103041 -0.143169
v -1.647689 -0.103041 -0.155591
v -1.650820 -0.103041 -0.149707
v -0.976949 0.624790 -0.984058
v -0.981376 0.624790 -0.971636
v -0.978245 0.624790 -0.977520
v -0.981376 -0.103041 -0.971636
v -0.976949 -0.103041 -0.984058
v -0.978245 -0.103041 -0.977520
v -0.408694 0.624790 -1.201296
v -0.419334 0.624790 -1.195317
v -0.413318 0.624790 -1.197068
v -0.419334 -0.103041 -1.195317
v -0.408694 -0.103041 -1.201296
v -0.413318 -0.103041 -1.197068
v -0.265334 0.624790 -1.425317
v -0.275974 0.624790 -1.419337
v -0.271350 0.624790 -1.423565
v -0.275974 -0.103041 -1.419337
v -0.265334 -0.103041 -1.425317
v -0.271350 -0.103041 -1.423565
v 0.324389 0.624790 -1.419605
v 0.313342 0.624790 -1.425317
v 0.319477 0.624790 -1.423644
v 0.313342 -0.103041 -1.425317
v 0.324389 -0.103041 -1.419605
v 0.319477 -0.103041 -1.423644
v 0.497342 0.624790 -1.185317
v 0.486296 0.624790 -1.191029
v 0.491208 0.624790 -1.186990
v 0.486296 -0.103041 -1.191029
v 0.497342 -0.103041 -1.185317
v 0.491208 -0.103041 -1.186990
v 1.530202 0.624790 -1.178317
v 1.523202 0.624790 -1.185317
v 1.528152 0.624790 -1.183267
v 1.523202 -0.103041 -1.185317
v 1.530202 -0.103041 -1.178317
v 1.528152 -0.103041 -1.183267
v 1.537202 0.624790 -1.078472
v 1.530202 0.624790 -1.085472
v 1.532252 0.624790 -1.080522
v 1.530202 -0.103041 -1.085472
v 1.537202 -0.103041 -1.078472
v 1.532252 -0.103041 -1.080522
v 1.619740 0.624790 -1.074241
v 1.607163 0.624790 -1.078472
v 1.613746 0.624790 -1.077233
v 1.607163 -0.103041 -1.078472
v 1.619740 -0.103041 -1.074241
v 1.613746 -0.103041 -1.077233
v 3.354163 0.624790 0.248528
v 3.348586 0.624790 0.237297
v 3.352530 0.624790 0.242339
v 3.348586 -0.103041 0.237297
v 3.354163 -0.103041 0.248528
v 3.352530 -0.103041 0.242339
v 3.361163 0.624790 1.227251
v 3.354163 0.624790 1.220251
v 3.356213 0.624790 1.225201
v 3.354163 -0.103041 1.220251
v 3.361163 -0.103041 1.227251
v 3.356213 -0.103041 1.225201
v 4.371035 0.624790 1.234251
v 4.364035 0.624790 1.227251
v 4.368985 0.624790 1.229301
v 4.364035 -0.103041 1.227251
v 4.371035 -0.103041 1.234251
v 4.368985 -0.103041 1.229301
v 2.796163 0.624790 3.243205
v 2.803163 0.624790 3.250205
v 2.798213 0.624790 3.248155
v 2.803163 -0.103041 3.250205
v 2.796163 -0.103041 3.243205
v 2.798213 -0.103041 3.248155
v 4.364035 0.624790 3.250205
v 4.371035 0.624790 3.243205
v 4.368985 0.624790 3.248155
v 4.371035 -0.103041 3.243205
v 4.364035 -0.103041 3.250205
v 4.368985 -0.103041 3.248155
v 1.102987 0.624790 3.846539
v 1.095987 0.624790 3.853539
v 1.098037 0.624790 3.848589
v 1.095987 -0.103041 3.853539
v 1.102987 -0.103041 3.846539
v 1.098037 -0.103041 3.848589
v 0.512989 0.624790 3.853539
v 0.505989 0.624790 3.846539
v 0.510939 0.624790 3.848589
v 0.505989 -0.103041 3.846539
v 0.512989 -0.103041 3.853539
v 0.510939 -0.103041 3.848589
v 1.102987 -0.103041 2.481248
v 1.095987 -0.103041 2.474248
v 1.098037 -0.103041 2.479198
v 1.095987 0.624790 2.474248
v 1.102987 0.624790 2.481248
v 1.098037 0.624790 2.479198
v 0.505989 0.624790 2.481248
v 0.512989 0.624790 2.481248
v 0.509489 0.624790 2.481248
v 0.512989 -0.103041 2.481248
v 0.512989 -0.103041 2.474248
v 0.512989 -0.103041 2.477748
v 1.488764 0.624790 3.839539
v 1.481764 0.624790 3.846539
v 1.486714 0.624790 3.844489
v 1.481764 -0.103041 3.846539
v 1.488764 -0.103041 3.839539
v 1.486714 -0.103041 3.844489
v 1.488764 -0.103041 2.488248
v 1.481764 -0.103041 2.481248
v 1.486714 -0.103041 2.483298
v 1.481764 0.624790 2.481248
v 1.488764 0.624790 2.488248
v 1.486714 0.624790 2.483298
v 0.184324 0.624790 3.846539
v 0.177324 0.624790 3.839539
v 0.179374 0.624790 3.844489
v 0.177324 -0.103041 3.839539
v 0.184324 -0.103041 3.846539
v 0.179374 -0.103041 3.844489
v 0.177324 0.624790 2.488248
v 0.184324 0.624790 2.481248
v 0.179374 0.624790 2.483298
v 0.184324 -0.103041 2.481248
v 0.177324 -0.103041 2.488248
v 0.179374 -0.103041 2.483298
v -4.309763 0.624790 2.168363
v -4.316763 0.624790 2.168363
v -4.313263 0.624790 2.168363
v -4.316763 -0.103041 2.168363
v -4.309763 -0.103041 2.168363
v -4.313263 -0.103041 2.168363
v -4.316763 0.624790 0.057112
v -4.316763 0.624790 0.050112
v -4.316763 0.624790 0.053612
v -4.316763 -0.103041 0.050112
v -4.316763 -0.103041 0.057112
v -4.316763 -0.103041 0.053612
v -2.329809 0.624790 0.050112
v -2.322809 0.624790 0.057112
v -2.324859 0.624790 0.052162
v -2.322809 -0.103041 0.057112
v -2.329809 -0.103041 0.050112
v -2.324859 -0.103041 0.052162
v -3.947242 0.624790 -0.961580
v -3.952312 0.624790 -0.949755
v -3.950827 0.624790 -0.956118
v -3.952312 -0.103041 -0.949755
v -3.947242 -0.103041 -0.961580
v -3.950827 -0.103041 -0.956118
v -3.244036 0.624790 -0.895657
v -3.239071 0.624790 -0.907592
v -3.242582 0.624790 -0.902052
v -3.239071 -0.103041 -0.907592
v -3.244036 -0.103041 -0.895657
v -3.242582 -0.103041 -0.902052
v -1.947431 0.624790 -2.854951
v -1.957521 0.624790 -2.854766
v -1.952513 0.624790 -2.856868
v -1.957521 -0.103041 -2.854766
v -1.947431 -0.103041 -2.854951
v -1.952513 -0.103041 -2.856868
v -1.945459 -0.103041 -2.183219
v -1.955410 -0.103041 -2.183199
v -1.950439 -0.103041 -2.185249
v -1.955410 0.624790 -2.183199
v -1.945459 0.624790 -2.183219
v -1.950439 0.624790 -2.185249
v -0.985156 0.624790 3.807411
v -0.992156 0.624790 3.800411
v -0.990106 0.624790 3.805361
v -0.992156 -0.103041 3.800411
v -0.985156 -0.103041 3.807411
v -0.990106 -0.103041 3.805361
v -0.992156 0.624790 2.446873
v -0.985156 0.624790 2.439873
v -0.990106 0.624790 2.441923
v -0.985156 -0.103041 2.439873
v -0.992156 -0.103041 2.446873
v -0.990106 -0.103041 2.441923
v -0.165121 0.624790 3.800411
v -0.172121 0.624790 3.807411
v -0.167171 0.624790 3.805361
v -0.172121 0.624790 2.439873
v -0.165121 0.624790 2.446873
v -0.167171 0.624790 2.441923
v -0.172121 -0.103041 3.807411
v -0.165121 -0.103041 3.800411
v -0.167171 -0.103041 3.805361
v -0.165121 -0.103041 2.446873
v -0.172121 -0.103041 2.439873
v -0.167171 -0.103041 2.441923
v 0.177324 0.624790 3.542294
v 0.170324 0.624790 3.535294
v 0.175273 0.624790 3.537344
v 0.170324 -0.103041 3.535294
v 0.177324 -0.103041 3.542294
v 0.175273 -0.103041 3.537344
v -0.158121 0.624790 3.535294
v -0.165121 0.624790 3.542294
v -0.163070 0.624790 3.537344
v -0.165121 -0.103041 3.542294
v -0.158121 -0.103041 3.535294
v -0.163070 -0.103041 3.537344
v 0.170324 0.624790 2.579754
v 0.177324 0.624790 2.572754
v 0.175273 0.624790 2.577704
v 0.177324 -0.103041 2.572754
v 0.170324 -0.103041 2.579754
v 0.175273 -0.103041 2.577704
v -0.165121 0.624790 2.572754
v -0.158121 0.624790 2.579754
v -0.163070 0.624790 2.577704
v -0.158121 -0.103041 2.579754
v -0.165121 -0.103041 2.572754
v -0.163070 -0.103041 2.577704
v -2.454742 0.624790 -3.363101
v -2.464757 0.624790 -3.363231
v -2.459723 0.624790 -3.365192
v -2.464757 -0.103041 -3.363231
v -2.454742 -0.103041 -3.363101
v -2.459723 -0.103041 -3.365192
v -2.846002 0.624790 -3.000439
v -2.846129 0.624790 -2.990658
v -2.848140 0.624790 -2.995575
v -2.846129 -0.103041 -2.990658
v -2.846002 -0.103041 -3.000439
v -2.848140 -0.103041 -2.995575
v -2.380075 -0.103041 -2.533388
v -2.389974 -0.103041 -2.533400
v -2.385027 -0.103041 -2.531344
v -2.389974 0.624790 -2.533400
v -2.380075 0.624790 -2.533388
v -2.385027 0.624790 -2.531344
v -2.002673 -0.103041 -2.909939
v -2.002685 -0.103041 -2.900039
v -2.000629 -0.103041 -2.904986
v -2.002685 0.624790 -2.900039
v -2.002673 0.624790 -2.909939
v -2.000629 0.624790 -2.904986
v -2.218785 0.624790 -2.622020
v -2.218796 0.624790 -2.612120
v -2.216740 0.624790 -2.617068
v -2.218796 -0.103041 -2.612120
v -2.218785 -0.103041 -2.622020
v -2.216740 -0.103041 -2.617068
v -2.249975 -0.103041 -2.653286
v -2.259875 -0.103041 -2.653298
v -2.254922 -0.103041 -2.655342
v -2.259875 0.624790 -2.653298
v -2.249975 0.624790 -2.653286
v -2.254922 0.624790 -2.655342
v -2.070524 0.624790 -2.742035
v -2.080424 0.624790 -2.742047
v -2.075476 0.624790 -2.739991
v -2.080424 -0.103041 -2.742047
v -2.070524 -0.103041 -2.742035
v -2.075476 -0.103041 -2.739991
v -2.115688 -0.103041 -2.787308
v -2.115700 -0.103041 -2.777408
v -2.117744 -0.103041 -2.782361
v -2.115700 0.624790 -2.777408
v -2.115688 0.624790 -2.787308
v -2.117744 0.624790 -2.782361
v -1.242057 -0.103041 -2.179998
v -1.232511 -0.103041 -2.180374
v -1.237201 -0.103041 -2.178069
v -1.232510 0.624789 -2.180374
v -1.242057 0.624789 -2.179998
v -1.237200 0.624789 -2.178069
v -0.369242 0.624789 -2.319234
v -0.357674 0.624789 -2.324538
v -0.363962 0.624789 -2.322984
v -0.357674 -0.103041 -2.324538
v -0.369243 -0.103041 -2.319234
v -0.363962 -0.103041 -2.322984
v -0.574458 -0.103041 -2.943330
v -0.562886 -0.103041 -2.948630
v -0.569175 -0.103041 -2.947078
v -0.562886 0.624789 -2.948630
v -0.574457 0.624789 -2.943330
v -0.569174 0.624789 -2.947078
v 1.574171 0.624789 -2.324538
v 1.581171 0.624789 -2.331538
v 1.579120 0.624789 -2.326588
v 1.581171 -0.103041 -2.331538
v 1.574171 -0.103041 -2.324538
v 1.579120 -0.103041 -2.326588
v 1.574171 -0.103041 -2.948630
v 1.581171 -0.103041 -2.941630
v 1.579120 -0.103041 -2.946580
v 1.581171 0.624789 -2.941630
v 1.574171 0.624789 -2.948630
v 1.579120 0.624789 -2.946580
v 0.591340 0.624789 -2.948630
v 0.584340 0.624789 -2.955630
v 0.586390 0.624789 -2.950680
v 0.584340 -0.103041 -2.955630
v 0.591340 -0.103041 -2.948630
v 0.586390 -0.103041 -2.950680
v 0.351996 0.624789 -2.955630
v 0.344996 0.624789 -2.948630
v 0.349945 0.624789 -2.950680
v 0.344996 -0.103041 -2.948630
v 0.351996 -0.103041 -2.955630
v 0.349945 -0.103041 -2.950680
v 0.584340 0.624789 -2.983192
v 0.591340 0.624789 -2.990192
v 0.586390 0.624789 -2.988142
v 0.591340 -0.103041 -2.990192
v 0.584340 -0.103041 -2.983192
v 0.586390 -0.103041 -2.988142
v 0.344996 0.624789 -2.990192
v 0.351996 0.624789 -2.983192
v 0.349945 0.624789 -2.988142
v 0.351996 -0.103041 -2.983192
v 0.344996 -0.103041 -2.990192
v 0.349945 -0.103041 -2.988142
v -0.064796 0.624789 -2.997192
v -0.057796 0.624789 -2.990192
v -0.062746 0.624789 -2.992242
v -0.057796 -0.103041 -2.990192
v -0.064796 -0.103041 -2.997192
v -0.062746 -0.103041 -2.992242
v -0.057796 0.624789 -3.534177
v -0.064796 0.624789 -3.527177
v -0.062746 0.624789 -3.532127
v -0.064796 -0.103041 -3.527177
v -0.057796 -0.103041 -3.534177
v -0.062746 -0.103041 -3.532127
v 1.040068 0.624789 -2.990192
v 1.047068 0.624789 -2.997192
v 1.045018 0.624789 -2.992242
v 1.047068 -0.103041 -2.997192
v 1.040068 -0.103041 -2.990192
v 1.045018 -0.103041 -2.992242
v 1.047068 0.624789 -3.527177
v 1.040068 0.624789 -3.534177
v 1.045018 0.624789 -3.532127
v 1.040068 -0.103041 -3.534177
v 1.047068 -0.103041 -3.527177
v 1.045018 -0.103041 -3.532127
v 0.096480 0.624789 -2.317538
v 0.103480 0.624789 -2.324538
v 0.098530 0.624789 -2.322488
v 0.103480 -0.103041 -2.324538
v 0.096480 -0.103041 -2.317538
v 0.098530 -0.103041 -2.322488
v -0.097981 0.624789 -2.324538
v -0.090981 0.624789 -2.317538
v -0.093031 0.624789 -2.322488
v -0.090981 -0.103041 -2.317538
v -0.097981 -0.103041 -2.324538
v -0.093032 -0.103041 -2.322488
v 0.103480 0.624789 -2.292637
v 0.096480 0.624789 -2.299637
v 0.098530 0.624789 -2.294687
v 0.096480 -0.103041 -2.299637
v 0.103480 -0.103041 -2.292637
v 0.098530 -0.103041 -2.294687
v -0.090981 0.624789 -2.299637
v -0.097981 0.624789 -2.292637
v -0.093031 0.624789 -2.294687
v -0.097981 -0.103041 -2.292637
v -0.090981 -0.103041 -2.299637
v -0.093032 -0.103041 -2.294687
v 0.295656 0.624789 -2.285637
v 0.288656 0.624789 -2.292637
v 0.293606 0.624789 -2.290587
v 0.288656 -0.103041 -2.292637
v 0.295656 -0.103041 -2.285637
v 0.293605 -0.103041 -2.290587
v 0.288656 0.624789 -1.967481
v 0.295656 0.624789 -1.974481
v 0.293606 0.624789 -1.969531
v 0.295656 -0.103041 -1.974481
v 0.288656 -0.103041 -1.967481
v 0.293605 -0.103041 -1.969531
v -0.291608 0.624789 -2.292637
v -0.298608 0.624789 -2.285637
v -0.296558 0.624789 -2.290587
v -0.298608 -0.103041 -2.285637
v -0.291608 -0.103041 -2.292637
v -0.296558 -0.103041 -2.290587
v -0.298608 0.624789 -1.974481
v -0.291608 0.624789 -1.967481
v -0.296558 0.624789 -1.969531
v -0.291608 -0.103041 -1.967481
v -0.298608 -0.103041 -1.974481
v -0.296558 -0.103041 -1.969531
v 1.588171 -0.103041 -2.511464
v 1.581171 -0.103041 -2.504464
v 1.583221 -0.103041 -2.509414
v 1.581171 0.624789 -2.504464
v 1.588171 0.624789 -2.511464
v 1.583221 0.624789 -2.509414
v 1.581171 -0.103041 -2.736296
v 1.588171 -0.103041 -2.729296
v 1.583221 -0.103041 -2.731346
v 1.588171 0.624789 -2.729296
v 1.581171 0.624789 -2.736296
v 1.583221 0.624789 -2.731346
v 1.626238 -0.103041 -2.504464
v 1.619238 -0.103041 -2.511464
v 1.624188 -0.103041 -2.509414
v 1.619238 0.624789 -2.511464
v 1.626238 0.624789 -2.504464
v 1.624188 0.624789 -2.509414
v 1.619238 -0.103041 -2.729296
v 1.626238 -0.103041 -2.736296
v 1.624188 -0.103041 -2.731346
v 1.626238 0.624789 -2.736296
v 1.619238 0.624789 -2.729296
v 1.624188 0.624789 -2.731346
v 3.318184 -0.103041 -2.403140
v 3.323678 -0.103041 -2.391802
v 3.319793 -0.103041 -2.396919
v 3.323678 0.624789 -2.391802
v 3.318184 0.624789 -2.403140
v 3.319793 0.624789 -2.396919
v 3.515422 -0.103041 -0.246144
v 3.505732 -0.103041 -0.244912
v 3.510839 -0.103041 -0.243467
v 3.505732 0.624789 -0.244912
v 3.515422 0.624789 -0.246144
v 3.510839 0.624789 -0.243467
v 4.478218 -0.103041 -1.480142
v 4.479317 -0.103041 -1.470355
v 4.480815 -0.103041 -1.475479
v 4.479317 0.624789 -1.470355
v 4.478218 0.624789 -1.480142
v 4.480815 0.624789 -1.475479
v 1.423592 -0.103041 -1.901694
v 1.422266 -0.103041 -1.911688
v 1.420935 -0.103041 -1.906426
v 1.422266 0.624789 -1.911688
v 1.423592 0.624789 -1.901694
v 1.420935 0.624789 -1.906426
v 1.628758 0.624789 -2.199095
v 1.624695 0.624789 -2.186460
v 1.627605 0.624789 -2.192495
v 1.624695 -0.103041 -2.186460
v 1.628758 -0.103041 -2.199095
v 1.627605 -0.103041 -2.192495
v 1.626238 -0.103041 -2.924039
v 1.633238 -0.103041 -2.931079
v 1.628288 -0.103041 -2.929001
v 1.633238 0.624789 -2.931079
v 1.626238 0.624789 -2.924039
v 1.628288 0.624789 -2.929001
v 3.312588 -0.103041 -2.889415
v 3.318184 -0.103041 -2.878209
v 3.316545 -0.103041 -2.884391
v 3.318184 0.624789 -2.878209
v 3.312588 0.624789 -2.889415
v 3.316545 0.624789 -2.884391
v 2.219145 0.624789 -2.939915
v 2.207813 0.624789 -2.934377
v 2.214032 0.624789 -2.936016
v 2.207813 -0.103041 -2.934377
v 2.219145 -0.103041 -2.939915
v 2.214032 -0.103041 -2.936016
v 2.606815 0.624789 -3.420633
v 2.596893 0.624789 -3.419348
v 2.601593 0.624789 -3.422001
v 2.596893 -0.103041 -3.419348
v 2.606815 -0.103041 -3.420633
v 2.601593 -0.103041 -3.422001
v -1.338140 0.624789 -1.584556
v -1.338105 0.624789 -1.574692
v -1.336065 0.624789 -1.579631
v -1.338105 -0.103041 -1.574692
v -1.338140 -0.103041 -1.584556
v -1.336065 -0.103041 -1.579631
v -1.196956 -0.103041 -1.375783
v -1.196956 -0.103041 -1.365884
v -1.199006 -0.103041 -1.370834
v -1.196956 0.624789 -1.365884
v -1.196956 0.624789 -1.375783
v -1.199006 0.624789 -1.370833
v -1.368205 0.624789 -1.544592
v -1.378125 0.624789 -1.544572
v -1.373161 0.624789 -1.542535
v -1.378125 -0.103041 -1.544572
v -1.368205 -0.103041 -1.544592
v -1.373161 -0.103041 -1.542536
v -1.167083 -0.103041 -1.345907
v -1.171906 -0.103041 -1.340834
v -1.169494 -0.103041 -1.343370
v -1.171906 0.624789 -1.340833
v -1.176855 0.624789 -1.345783
v -1.174381 0.624789 -1.343308
v -3.732278 0.624790 0.057112
v -3.739278 0.624790 0.050112
v -3.734328 0.624790 0.052162
v -3.739278 -0.103041 0.050112
v -3.732278 -0.103041 0.057112
v -3.734328 -0.103041 0.052162
v -3.537764 0.624790 0.050112
v -3.537764 0.624790 0.057112
v -3.537764 0.624790 0.053612
v -3.530765 -0.103041 0.050112
v -3.537765 -0.103041 0.050112
v -3.534265 -0.103041 0.050112
v -3.945312 -0.103041 0.099986
v -3.952312 -0.103041 0.099986
v -3.948812 -0.103041 0.099986
v -3.251036 0.624790 0.099986
v -3.244036 0.624790 0.099986
v -3.247536 0.624790 0.099986
v -3.952312 0.624790 0.099986
v -3.959312 0.624790 0.099987
v -3.955812 0.624790 0.099987
v -3.244036 -0.103041 0.099986
v -3.237036 -0.103041 0.099987
v -3.240536 -0.103041 0.099986
v -3.537764 0.624790 0.092986
v -3.530764 0.624790 0.099986
v -3.535714 0.624790 0.097936
v -3.530765 -0.103041 0.099986
v -3.537765 -0.103041 0.092986
v -3.535715 -0.103041 0.097936
v -3.739278 0.624790 0.099986
v -3.732278 0.624790 0.092986
v -3.734328 0.624790 0.097936
v -3.732278 -0.103041 0.092986
v -3.739278 -0.103041 0.099986
v -3.734328 -0.103041 0.097936
v -3.543331 -0.103041 1.622254
v -3.550331 -0.103041 1.615254
v -3.548280 -0.103041 1.620204
v -3.550331 0.624790 1.615254
v -3.543331 0.624790 1.622254
v -3.548280 0.624790 1.620204
v -3.733280 -0.103041 1.622254
v -3.740280 -0.103041 1.622254
v -3.736780 -0.103041 1.622254
v -3.733280 0.624790 1.615254
v -3.733280 0.624790 1.622254
v -3.733280 0.624790 1.618754
v -3.550331 -0.103041 1.561620
v -3.550331 -0.103041 1.554620
v -3.550331 -0.103041 1.558120
v -3.733280 -0.103041 1.561620
v -3.740280 -0.103041 1.554620
v -3.735330 -0.103041 1.556670
v -3.550331 0.624790 1.554620
v -3.543331 0.624790 1.554620
v -3.546831 0.624790 1.554620
v -3.740280 0.624790 1.554620
v -3.733280 0.624790 1.561620
v -3.735330 0.624790 1.556670
v 1.088987 -0.103041 5.376026
v 1.095987 -0.103041 5.369026
v 1.093937 -0.103041 5.373976
v 1.095987 0.624790 5.369026
v 1.088987 0.624790 5.376026
v 1.093937 0.624790 5.373976
v 0.512989 -0.103041 5.369026
v 0.519989 -0.103041 5.376026
v 0.515039 -0.103041 5.373976
v 0.519989 0.624790 5.376026
v 0.512989 0.624790 5.369026
v 0.515039 0.624790 5.373976
v -1.505383 0.624790 1.980991
v -1.498383 0.624790 1.987990
v -1.500433 0.624790 1.983041
v -1.498383 0.624790 1.786548
v -1.505383 0.624790 1.793548
v -1.500433 0.624790 1.791498
v -1.498383 -0.103041 1.987990
v -1.505383 -0.103041 1.980991
v -1.500433 -0.103041 1.983041
v -1.505383 -0.103041 1.793548
v -1.498383 -0.103041 1.786548
v -1.500433 -0.103041 1.791498
v -1.544930 0.624790 1.987990
v -1.537930 0.624790 1.980991
v -1.542880 0.624790 1.983041
v -1.544930 0.624790 1.786548
v -1.544930 0.624790 1.793548
v -1.544930 0.624790 1.790048
v -1.537930 -0.103041 1.980991
v -1.544930 -0.103041 1.987990
v -1.542880 -0.103041 1.983041
v -1.544930 -0.103041 1.793548
v -1.537930 -0.103041 1.793548
v -1.541430 -0.103041 1.793548
v -1.544930 -0.103041 2.161363
v -1.544930 -0.103041 2.168363
v -1.544930 -0.103041 2.164863
v -1.544930 0.624790 2.168363
v -1.551930 0.624790 2.168363
v -1.548430 0.624790 2.168363
v -3.760801 0.624790 2.175363
v -3.767801 0.624790 2.168363
v -3.762851 0.624790 2.170413
v -3.546412 0.624790 2.168363
v -3.553412 0.624790 2.175363
v -3.551362 0.624790 2.170413
v -3.553411 -0.103041 2.175363
v -3.546411 -0.103041 2.168363
v -3.551361 -0.103041 2.170413
v -3.767801 -0.103041 2.168363
v -3.760801 -0.103041 2.175363
v -3.762851 -0.103041 2.170413
v -3.767801 0.624790 2.226326
v -3.760801 0.624790 2.219326
v -3.762851 0.624790 2.224276
v -3.553412 0.624790 2.219326
v -3.546412 0.624790 2.226326
v -3.551362 0.624790 2.224276
v -3.546411 -0.103041 2.226326
v -3.553411 -0.103041 2.219326
v -3.551361 -0.103041 2.224276
v -3.760801 -0.103041 2.219326
v -3.767801 -0.103041 2.226326
v -3.762851 -0.103041 2.224276
v -3.255999 0.624790 2.226326
v -3.248999 0.624790 2.233326
v -3.251049 0.624790 2.228377
v -3.248998 -0.103041 2.233326
v -3.255998 -0.103041 2.226326
v -3.251048 -0.103041 2.228377
v -3.248999 0.624790 3.003761
v -3.255999 0.624790 3.010761
v -3.251049 0.624790 3.008711
v -3.255998 -0.103041 3.010761
v -3.248998 -0.103041 3.003761
v -3.251048 -0.103041 3.008711
v -4.304850 0.624790 2.233326
v -4.297850 0.624790 2.226326
v -4.302800 0.624790 2.228377
v -4.297850 -0.103041 2.226326
v -4.304850 -0.103041 2.233326
v -4.302800 -0.103041 2.228377
v -4.297850 0.624790 3.010761
v -4.304850 0.624790 3.003761
v -4.302800 0.624790 3.008711
v -4.304850 -0.103041 3.003761
v -4.297850 -0.103041 3.010761
v -4.302800 -0.103041 3.008711
v -1.697000 0.624790 1.622254
v -1.697000 -0.103041 1.622254
v -0.961254 0.624790 -1.192205
v -0.961254 -0.103041 -1.192205
v 0.958414 0.624790 -1.169317
v 0.958414 -0.103041 -1.169317
v 2.796163 0.624790 2.358096
v 2.796163 -0.103041 2.358096
v 2.812163 0.624790 2.342096
v 2.812163 -0.103041 2.342096
v 4.355035 0.624790 2.350205
v 4.355035 -0.103041 2.350205
v -1.698383 0.624790 2.184363
v -1.698383 -0.103041 2.184363
v -4.302452 0.624790 1.615099
v -4.302452 -0.103041 1.615099
v -2.322005 0.624790 2.184363
v -2.338809 0.624790 1.622254
v -2.322006 -0.103041 2.184363
v -2.338809 -0.103041 1.622254
v -3.945157 0.624790 0.064423
v -3.945157 -0.103041 0.064423
v -3.251191 0.624790 0.035801
v -3.251192 -0.103041 0.035801
v -1.588704 0.624790 -2.500647
v -1.588704 -0.103041 -2.500647
v -0.847710 0.624789 -1.788236
v -0.847710 -0.103041 -1.788236
v -1.167108 -0.103041 -1.425964
v -1.167108 0.624789 -1.425964
v -2.332787 0.624790 -2.475807
v -2.332787 -0.103041 -2.475807
v 0.584340 0.624789 -3.518177
v 0.584340 -0.103041 -3.518177
v 0.351996 0.624789 -3.518177
v 0.351996 -0.103041 -3.518177
v 0.096480 0.624789 -1.983481
v 0.096480 -0.103041 -1.983481
v -0.090981 0.624789 -1.983481
v -0.090981 -0.103041 -1.983481
v 3.302184 -0.103041 -2.511464
v 3.302184 0.624789 -2.511464
v 3.302184 -0.103041 -2.729296
v 3.302184 0.624789 -2.729296
v 1.642238 -0.103041 -2.396242
v 1.642238 0.624789 -2.396242
v 3.891032 -0.103041 -1.923415
v 3.891032 0.624789 -1.923415
v 3.593853 -0.103041 -2.158076
v 3.593853 0.624789 -2.158076
v 3.836895 0.624789 -0.699417
v 3.836895 -0.103041 -0.699417
v 2.944840 -0.103041 -3.145834
v 2.944840 0.624789 -3.145834
v -1.129160 -0.103041 -1.394439
v -1.129160 0.624789 -1.394439
v -2.003821 -0.103041 -2.155253
v -2.003821 0.624790 -2.155253
v -4.316761 -0.103041 0.116028
v -4.316761 0.624790 0.116028
v -2.322810 0.624790 0.116040
v -2.322810 -0.103041 0.116040
v -4.302452 0.624790 1.547465
v -2.337120 -0.103041 1.547465
v -4.302452 -0.103041 1.547465
v -2.337120 0.624790 1.547465
v -1.537775 0.624790 1.607944
v -1.537775 -0.103041 1.607944
v -3.760801 0.624790 3.026761
v -3.553412 0.624790 3.026761
v -3.553411 -0.103041 3.026761
v -3.760801 -0.103041 3.026761
v 2.600120 0.624790 2.357789
v 2.605692 0.624790 2.352217
v 2.603363 0.624790 2.355460
v 2.605692 -0.103041 2.352217
v 2.600120 -0.103041 2.357789
v 2.603363 -0.103041 2.355460
v 2.605692 0.624790 2.661321
v 2.586120 0.624790 2.680892
v 2.599262 0.624790 2.674463
v 2.586120 -0.103041 2.680892
v 2.605692 -0.103041 2.661321
v 2.599262 -0.103041 2.674463
v 1.538977 0.624790 2.680892
v 1.519406 0.624790 2.661321
v 1.525835 0.624790 2.674463
v 1.519406 -0.103041 2.661321
v 1.538977 -0.103041 2.680892
v 1.525835 -0.103041 2.674463
v 1.519406 0.624790 2.352217
v 1.524977 0.624790 2.357788
v 1.521735 0.624790 2.355460
v 1.524977 -0.103041 2.357788
v 1.519406 -0.103041 2.352217
v 1.521735 -0.103041 2.355460
v 1.106108 0.624790 2.357788
v 1.111679 0.624790 2.352217
v 1.109351 0.624790 2.355460
v 1.111679 -0.103041 2.352217
v 1.106108 -0.103041 2.357788
v 1.109351 -0.103041 2.355460
v 0.509110 0.624790 2.326403
v 0.528682 0.624790 2.345974
v 0.522252 0.624790 2.332832
v 0.528682 -0.103041 2.345974
v 0.509110 -0.103041 2.326403
v 0.522252 -0.103041 2.332832
v -0.045211 0.624790 2.345974
v -0.025639 0.624790 2.326403
v -0.038782 0.624790 2.332832
v -0.025639 -0.103041 2.326403
v -0.045211 -0.103041 2.345974
v -0.038782 -0.103041 2.332832
v -0.039639 0.624790 2.374177
v -0.045211 0.624790 2.379749
v -0.042882 0.624790 2.376506
v -0.045211 -0.103041 2.379749
v -0.039639 -0.103041 2.374177
v -0.042882 -0.103041 2.376506
v -1.183394 0.624790 2.379749
v -1.188965 0.624790 2.374177
v -1.185722 0.624790 2.376506
v -1.188965 -0.103041 2.374177
v -1.183394 -0.103041 2.379749
v -1.185722 -0.103041 2.376506
v -1.202965 0.624790 2.152671
v -1.183394 0.624790 2.172242
v -1.189823 0.624790 2.159100
v -1.183394 -0.103041 2.172242
v -1.202965 -0.103041 2.152671
v -1.189823 -0.103041 2.159100
v -1.482690 0.624790 2.158242
v -1.488261 0.624790 2.152671
v -1.485019 0.624790 2.154999
v -1.488261 -0.103041 2.152671
v -1.482690 -0.103041 2.158242
v -1.485019 -0.103041 2.154999
v -1.502261 0.624790 1.606562
v -1.482690 0.624790 1.626133
v -1.489119 0.624790 1.612991
v -1.482690 -0.103041 1.626133
v -1.502261 -0.103041 1.606562
v -1.489119 -0.103041 1.612991
v -1.702878 0.624790 1.047977
v -1.697307 0.624790 1.042406
v -1.699636 0.624790 1.045649
v -1.697307 -0.103041 1.042406
v -1.702878 -0.103041 1.047977
v -1.699636 -0.103041 1.045649
v -1.636424 0.624790 1.028406
v -1.655995 0.624790 1.047977
v -1.642853 0.624790 1.041548
v -1.655995 -0.103041 1.047977
v -1.636424 -0.103041 1.028406
v -1.642853 -0.103041 1.041548
v -1.634366 0.624790 -0.146732
v -1.636193 0.624790 -0.141605
v -1.635749 0.624790 -0.144336
v -1.636193 -0.103041 -0.141605
v -1.634366 -0.103041 -0.146732
v -1.635749 -0.103041 -0.144336
v -0.961025 0.624790 -0.982494
v -0.968053 0.624790 -0.962777
v -0.963174 0.624790 -0.972149
v -0.968053 -0.103041 -0.962777
v -0.961025 -0.103041 -0.982494
v -0.963174 -0.103041 -0.972149
v -0.396339 0.624790 -1.191131
v -0.417075 0.624790 -1.179477
v -0.405479 0.624790 -1.183120
v -0.417075 -0.103041 -1.179477
v -0.396339 -0.103041 -1.191131
v -0.405479 -0.103041 -1.183120
v -0.263075 0.624790 -1.409477
v -0.263618 0.624790 -1.409172
v -0.263511 0.624790 -1.409617
v -0.263618 -0.103041 -1.409172
v -0.263075 -0.103041 -1.409477
v -0.263511 -0.103041 -1.409617
v 0.312675 0.624790 -1.408705
v 0.311219 0.624790 -1.409458
v 0.312128 0.624790 -1.409432
v 0.311219 -0.103041 -1.409458
v 0.312675 -0.103041 -1.408705
v 0.312128 -0.103041 -1.409432
v 0.495219 0.624790 -1.169458
v 0.474583 0.624790 -1.180130
v 0.483858 0.624790 -1.172778
v 0.474583 -0.103041 -1.180130
v 0.495219 -0.103041 -1.169458
v 0.483858 -0.103041 -1.172778
v 1.514510 0.624790 -1.175195
v 1.520081 0.624790 -1.169624
v 1.516838 0.624790 -1.171953
v 1.520081 -0.103041 -1.169624
v 1.514510 -0.103041 -1.175195
v 1.516838 -0.103041 -1.171953
v 1.534081 0.624790 -1.062779
v 1.514510 0.624790 -1.082350
v 1.520939 0.624790 -1.069209
v 1.514510 -0.103041 -1.082350
v 1.534081 -0.103041 -1.062779
v 1.520939 -0.103041 -1.069209
v 1.611296 0.624790 -1.060651
v 1.605677 0.624790 -1.062541
v 1.608645 0.624790 -1.062068
v 1.605677 -0.103041 -1.062541
v 1.611296 -0.103041 -1.060651
v 1.608645 -0.103041 -1.062068
v 3.338296 0.624790 0.250587
v 3.337356 0.624790 0.248694
v 3.338199 0.624790 0.249455
v 3.337356 -0.103041 0.248694
v 3.338296 -0.103041 0.250587
v 3.338199 -0.103041 0.249455
v 3.358042 0.624790 1.242944
v 3.338471 0.624790 1.223372
v 3.344900 0.624790 1.236514
v 3.338471 -0.103041 1.223372
v 3.358042 -0.103041 1.242944
v 3.344900 -0.103041 1.236514
v 4.355342 0.624790 1.237373
v 4.360914 0.624790 1.242944
v 4.357671 0.624790 1.240615
v 4.360914 -0.103041 1.242944
v 4.355342 -0.103041 1.237373
v 4.357671 -0.103041 1.240615
v 2.811856 0.624790 3.240084
v 2.806285 0.624790 3.234513
v 2.809527 0.624790 3.236841
v 2.806285 -0.103041 3.234513
v 2.811856 -0.103041 3.240084
v 2.809527 -0.103041 3.236841
v 4.360914 0.624790 3.234513
v 4.355342 0.624790 3.240084
v 4.357671 0.624790 3.236841
v 4.355342 -0.103041 3.240084
v 4.360914 -0.103041 3.234513
v 4.357671 -0.103041 3.236841
v 1.106108 0.624790 3.862232
v 1.111679 0.624790 3.856661
v 1.109351 0.624790 3.859903
v 1.111679 -0.103041 3.856661
v 1.106108 -0.103041 3.862232
v 1.109351 -0.103041 3.859903
v 0.497297 0.624790 3.856661
v 0.502868 0.624790 3.862232
v 0.499625 0.624790 3.859903
v 0.502868 -0.103041 3.862232
v 0.497297 -0.103041 3.856661
v 0.499625 -0.103041 3.859903
v 1.106108 -0.103041 2.465555
v 1.111679 -0.103041 2.471126
v 1.109351 -0.103041 2.467884
v 1.111679 0.624790 2.471126
v 1.106108 0.624790 2.465555
v 1.109351 0.624790 2.467884
v 0.512098 0.624801 2.466460
v 0.527768 0.624793 2.475118
v 0.520803 0.624804 2.469934
v 0.519119 -0.103037 2.466468
v 0.527777 -0.103029 2.468138
v 0.524303 -0.103026 2.466434
v 1.504457 0.624790 3.842661
v 1.484885 0.624790 3.862232
v 1.498027 0.624790 3.855803
v 1.484885 -0.103041 3.862232
v 1.504457 -0.103041 3.842661
v 1.498027 -0.103041 3.855803
v 1.504457 -0.103041 2.485126
v 1.484885 -0.103041 2.465555
v 1.498027 -0.103041 2.471984
v 1.484885 0.624790 2.465555
v 1.504457 0.624790 2.485126
v 1.498027 0.624790 2.471984
v 0.181202 0.624790 3.862232
v 0.161631 0.624790 3.842661
v 0.168060 0.624790 3.855803
v 0.161631 -0.103041 3.842661
v 0.181202 -0.103041 3.862232
v 0.168060 -0.103041 3.855803
v 0.161631 0.624790 2.485126
v 0.181202 0.624790 2.465555
v 0.168060 0.624790 2.471984
v 0.181202 -0.103041 2.465555
v 0.161631 -0.103041 2.485126
v 0.168060 -0.103041 2.471984
v -4.309763 0.624790 2.184363
v -4.305449 0.624790 2.179677
v -4.313263 0.624790 2.184363
v -4.305449 -0.103041 2.179677
v -4.309763 -0.103041 2.184363
v -4.313263 -0.103041 2.184363
v -4.332763 0.624790 0.057112
v -4.328077 0.624790 0.061426
v -4.332763 0.624790 0.053612
v -4.328077 -0.103041 0.061426
v -4.332763 -0.103041 0.057112
v -4.332763 -0.103041 0.053612
v -2.326687 0.624790 0.034419
v -2.307116 0.624790 0.053991
v -2.313545 0.624790 0.040849
v -2.307116 -0.103041 0.053991
v -2.326687 -0.103041 0.034419
v -2.313545 -0.103041 0.040849
v -3.934958 0.624790 -0.951327
v -3.936418 0.624790 -0.947924
v -3.936122 0.624790 -0.949812
v -3.936418 -0.103041 -0.947924
v -3.934958 -0.103041 -0.951327
v -3.936122 -0.103041 -0.949812
v -3.259936 0.624790 -0.897443
v -3.251544 0.624790 -0.917612
v -3.257354 0.624790 -0.908199
v -3.251545 -0.103041 -0.917612
v -3.259936 -0.103041 -0.897443
v -3.257354 -0.103041 -0.908199
v -1.955850 0.624790 -2.841345
v -1.948608 0.624790 -2.841478
v -1.952219 0.624790 -2.840871
v -1.948608 -0.103041 -2.841478
v -1.955850 -0.103041 -2.841345
v -1.952219 -0.103041 -2.840871
v -1.936656 -0.103041 -2.196579
v -1.964267 -0.103041 -2.196524
v -1.950471 -0.103041 -2.201249
v -1.964267 0.624790 -2.196524
v -1.936656 0.624790 -2.196579
v -1.950471 0.624790 -2.201249
v -0.988277 0.624790 3.823104
v -1.007849 0.624790 3.803533
v -1.001420 0.624790 3.816675
v -1.007849 -0.103041 3.803533
v -0.988277 -0.103041 3.823104
v -1.001420 -0.103041 3.816675
v -1.007849 0.624790 2.443752
v -0.988277 0.624790 2.424181
v -1.001420 0.624790 2.430610
v -0.988277 -0.103041 2.424181
v -1.007849 -0.103041 2.443752
v -1.001420 -0.103041 2.430610
v -0.149428 0.624790 3.803533
v -0.168999 0.624790 3.823104
v -0.155857 0.624790 3.816675
v -0.168999 0.624790 2.424181
v -0.149428 0.624790 2.443752
v -0.155857 0.624790 2.430610
v -0.168999 -0.103041 3.823104
v -0.149428 -0.103041 3.803533
v -0.155857 -0.103041 3.816675
v -0.149428 -0.103041 2.443752
v -0.168999 -0.103041 2.424181
v -0.155857 -0.103041 2.430610
v 0.161631 0.624790 3.545416
v 0.167202 0.624790 3.550987
v 0.163960 0.624790 3.548658
v 0.167202 -0.103041 3.550987
v 0.161631 -0.103041 3.545416
v 0.163960 -0.103041 3.548658
v -0.154999 0.624790 3.550987
v -0.149428 0.624790 3.545416
v -0.151757 0.624790 3.548658
v -0.149428 -0.103041 3.545416
v -0.154999 -0.103041 3.550987
v -0.151757 -0.103041 3.548658
v 0.167202 0.624790 2.564061
v 0.161631 0.624790 2.569633
v 0.163960 0.624790 2.566390
v 0.161631 -0.103041 2.569633
v 0.167202 -0.103041 2.564061
v 0.163960 -0.103041 2.566390
v -0.149428 0.624790 2.569633
v -0.154999 0.624790 2.564061
v -0.151757 0.624790 2.566390
v -0.154999 -0.103041 2.564061
v -0.149428 -0.103041 2.569633
v -0.151757 -0.103041 2.566390
v -2.463671 0.624790 -3.349824
v -2.456176 0.624790 -3.349726
v -2.459931 0.624790 -3.349193
v -2.456176 -0.103041 -3.349726
v -2.463671 -0.103041 -3.349824
v -2.459931 -0.103041 -3.349193
v -2.832907 0.624790 -2.991245
v -2.832800 0.624790 -2.999508
v -2.832141 0.624790 -2.995367
v -2.832800 -0.103041 -2.999508
v -2.832907 -0.103041 -2.991245
v -2.832141 -0.103041 -2.995367
v -2.388947 -0.103041 -2.546702
v -2.381069 -0.103041 -2.546693
v -2.385008 -0.103041 -2.547344
v -2.381069 0.624790 -2.546693
v -2.388947 0.624790 -2.546702
v -2.385008 0.624790 -2.547344
v -2.015987 -0.103041 -2.901066
v -2.015978 -0.103041 -2.908944
v -2.016629 -0.103041 -2.905005
v -2.015978 0.624790 -2.908944
v -2.015987 0.624790 -2.901066
v -2.016629 0.624790 -2.905005
v -2.205470 0.624790 -2.630893
v -2.205504 0.624790 -2.603215
v -2.200740 0.624790 -2.617049
v -2.205504 -0.103041 -2.603215
v -2.205470 -0.103041 -2.630893
v -2.200740 -0.103041 -2.617049
v -2.241070 -0.103041 -2.666579
v -2.268748 -0.103041 -2.666612
v -2.254903 -0.103041 -2.671342
v -2.268748 0.624790 -2.666612
v -2.241070 0.624790 -2.666579
v -2.254903 0.624790 -2.671342
v -2.061651 0.624790 -2.728721
v -2.089329 0.624790 -2.728754
v -2.075495 0.624790 -2.723991
v -2.089329 -0.103041 -2.728754
v -2.061651 -0.103041 -2.728721
v -2.075495 -0.103041 -2.723991
v -2.128981 -0.103041 -2.796213
v -2.129014 -0.103041 -2.768535
v -2.133744 -0.103041 -2.782380
v -2.129014 0.624790 -2.768535
v -2.128981 0.624790 -2.796213
v -2.133744 0.624790 -2.782380
v -1.250816 -0.103041 -2.166608
v -1.222726 -0.103041 -2.167715
v -1.236571 -0.103041 -2.162081
v -1.222726 0.624789 -2.167715
v -1.250815 0.624789 -2.166608
v -1.236571 0.624789 -2.162081
v -0.380015 0.624789 -2.331064
v -0.359607 0.624789 -2.340420
v -0.370630 0.624789 -2.337528
v -0.359607 -0.103041 -2.340420
v -0.380015 -0.103041 -2.331064
v -0.370630 -0.103041 -2.337528
v -0.563692 -0.103041 -2.931494
v -0.560954 -0.103041 -2.932747
v -0.562511 -0.103041 -2.932532
v -0.560954 0.624789 -2.932747
v -0.563691 0.624789 -2.931494
v -0.562511 0.624789 -2.932532
v 1.571049 0.624789 -2.340230
v 1.565478 0.624789 -2.334659
v 1.567807 0.624789 -2.337902
v 1.565478 -0.103041 -2.334659
v 1.571049 -0.103041 -2.340230
v 1.567807 -0.103041 -2.337902
v 1.571049 -0.103041 -2.932938
v 1.565478 -0.103041 -2.938509
v 1.567807 -0.103041 -2.935266
v 1.565478 0.624789 -2.938509
v 1.571049 0.624789 -2.932938
v 1.567807 0.624789 -2.935266
v 0.588218 0.624789 -2.932938
v 0.568647 0.624789 -2.952509
v 0.575076 0.624789 -2.939367
v 0.568647 -0.103041 -2.952509
v 0.588218 -0.103041 -2.932938
v 0.575076 -0.103041 -2.939367
v 0.367688 0.624789 -2.952509
v 0.348117 0.624789 -2.932938
v 0.361259 0.624789 -2.939367
v 0.348117 -0.103041 -2.932938
v 0.367688 -0.103041 -2.952509
v 0.361259 -0.103041 -2.939367
v 0.568647 0.624789 -2.986314
v 0.588218 0.624789 -3.005885
v 0.575076 0.624789 -2.999456
v 0.588218 -0.103041 -3.005885
v 0.568647 -0.103041 -2.986314
v 0.575076 -0.103041 -2.999456
v 0.348117 0.624789 -3.005885
v 0.367688 0.624789 -2.986314
v 0.361259 0.624789 -2.999456
v 0.367688 -0.103041 -2.986314
v 0.348117 -0.103041 -3.005885
v 0.361259 -0.103041 -2.999456
v -0.049104 0.624789 -3.000314
v -0.054675 0.624789 -3.005885
v -0.051432 0.624789 -3.003556
v -0.054675 -0.103041 -3.005885
v -0.049104 -0.103041 -3.000314
v -0.051432 -0.103041 -3.003556
v -0.054675 0.624789 -3.518485
v -0.049104 0.624789 -3.524056
v -0.051432 0.624789 -3.520813
v -0.049104 -0.103041 -3.524056
v -0.054675 -0.103041 -3.518485
v -0.051432 -0.103041 -3.520813
v 1.036947 0.624789 -3.005885
v 1.031376 0.624789 -3.000314
v 1.033704 0.624789 -3.003556
v 1.031376 -0.103041 -3.000314
v 1.036947 -0.103041 -3.005885
v 1.033704 -0.103041 -3.003556
v 1.031376 0.624789 -3.524056
v 1.036947 0.624789 -3.518485
v 1.033704 0.624789 -3.520813
v 1.036947 -0.103041 -3.518485
v 1.031376 -0.103041 -3.524056
v 1.033704 -0.103041 -3.520813
v 0.080787 0.624789 -2.320659
v 0.100359 0.624789 -2.340230
v 0.087216 0.624789 -2.333801
v 0.100358 -0.103041 -2.340230
v 0.080787 -0.103041 -2.320659
v 0.087216 -0.103041 -2.333801
v -0.094860 0.624789 -2.340230
v -0.075289 0.624789 -2.320659
v -0.081718 0.624789 -2.333801
v -0.075289 -0.103041 -2.320659
v -0.094860 -0.103041 -2.340230
v -0.081718 -0.103041 -2.333801
v 0.100359 0.624789 -2.276945
v 0.080787 0.624789 -2.296516
v 0.087216 0.624789 -2.283374
v 0.080787 -0.103041 -2.296516
v 0.100358 -0.103041 -2.276945
v 0.087216 -0.103041 -2.283374
v -0.075289 0.624789 -2.296516
v -0.094860 0.624789 -2.276945
v -0.081718 0.624789 -2.283374
v -0.094860 -0.103041 -2.276945
v -0.075289 -0.103041 -2.296516
v -0.081718 -0.103041 -2.283374
v 0.279963 0.624789 -2.282516
v 0.285535 0.624789 -2.276945
v 0.282292 0.624789 -2.279273
v 0.285534 -0.103041 -2.276945
v 0.279963 -0.103041 -2.282516
v 0.282292 -0.103041 -2.279273
v 0.285534 0.624789 -1.983173
v 0.279963 0.624789 -1.977602
v 0.282292 0.624789 -1.980845
v 0.279963 -0.103041 -1.977602
v 0.285534 -0.103041 -1.983173
v 0.282292 -0.103041 -1.980845
v -0.288487 0.624789 -2.276945
v -0.282915 0.624789 -2.282516
v -0.285244 0.624789 -2.279273
v -0.282915 -0.103041 -2.282516
v -0.288487 -0.103041 -2.276945
v -0.285244 -0.103041 -2.279273
v -0.282915 0.624789 -1.977602
v -0.288486 0.624789 -1.983173
v -0.285244 0.624789 -1.980845
v -0.288487 -0.103041 -1.983173
v -0.282916 -0.103041 -1.977602
v -0.285244 -0.103041 -1.980845
v 1.585049 -0.103041 -2.527157
v 1.565478 -0.103041 -2.507586
v 1.571907 -0.103041 -2.520728
v 1.565478 0.624789 -2.507586
v 1.585049 0.624789 -2.527157
v 1.571907 0.624789 -2.520728
v 1.565478 -0.103041 -2.733175
v 1.585049 -0.103041 -2.713603
v 1.571907 -0.103041 -2.720032
v 1.585049 0.624789 -2.713603
v 1.565478 0.624789 -2.733175
v 1.571907 0.624789 -2.720032
v 1.641930 -0.103041 -2.507586
v 1.622359 -0.103041 -2.527157
v 1.635501 -0.103041 -2.520728
v 1.622359 0.624789 -2.527157
v 1.641930 0.624789 -2.507586
v 1.635501 0.624789 -2.520728
v 1.622359 -0.103041 -2.713603
v 1.641930 -0.103041 -2.733175
v 1.635501 -0.103041 -2.720032
v 1.641930 0.624789 -2.733175
v 1.622359 0.624789 -2.713603
v 1.635501 0.624789 -2.720032
v 3.302312 -0.103041 -2.401120
v 3.312257 -0.103041 -2.380596
v 3.305394 -0.103041 -2.389942
v 3.312257 0.624789 -2.380596
v 3.302312 0.624789 -2.401120
v 3.305394 0.624789 -2.389942
v 3.504789 -0.103041 -0.258100
v 3.513034 -0.103041 -0.259148
v 3.508821 -0.103041 -0.259339
v 3.513034 0.624789 -0.259148
v 3.504789 0.624789 -0.258100
v 3.508821 0.624789 -0.259339
v 4.466035 -0.103041 -1.469770
v 4.465137 -0.103041 -1.477768
v 4.464915 -0.103041 -1.473693
v 4.465137 0.624789 -1.477768
v 4.466035 0.624789 -1.469770
v 4.464915 0.624789 -1.473693
v 1.435776 -0.103041 -1.912064
v 1.436733 -0.103041 -1.904853
v 1.436796 -0.103041 -1.908530
v 1.436733 0.624789 -1.904853
v 1.435776 0.624789 -1.912064
v 1.436796 0.624789 -1.908530
v 1.644706 0.624789 -2.197816
v 1.638401 0.624789 -2.178205
v 1.642837 0.624789 -2.187598
v 1.638401 -0.103041 -2.178205
v 1.644706 -0.103041 -2.197816
v 1.642837 -0.103041 -2.187598
v 1.641932 -0.103041 -2.920924
v 1.636442 -0.103041 -2.915403
v 1.639634 -0.103041 -2.917719
v 1.636442 0.624789 -2.915403
v 1.641932 0.624789 -2.920924
v 1.639634 0.624789 -2.917719
v 3.301402 -0.103041 -2.877975
v 3.302318 -0.103041 -2.876141
v 3.302230 -0.103041 -2.877243
v 3.302318 0.624789 -2.876141
v 3.301402 0.624789 -2.877975
v 3.302230 0.624789 -2.877243
v 2.230369 0.624789 -2.928513
v 2.209914 0.624789 -2.918515
v 2.221057 0.624789 -2.921641
v 2.209914 -0.103041 -2.918515
v 2.230369 -0.103041 -2.928513
v 2.221057 -0.103041 -2.921641
v 2.599840 0.624789 -3.406233
v 2.607306 0.624789 -3.407200
v 2.603649 0.624789 -3.406134
v 2.607306 -0.103041 -3.407200
v 2.599840 -0.103041 -3.406233
v 2.603649 -0.103041 -3.406134
v -1.324896 0.624789 -1.593533
v -1.324797 0.624789 -1.565810
v -1.320065 0.624789 -1.579688
v -1.324797 -0.103041 -1.565810
v -1.324896 -0.103041 -1.593533
v -1.320065 -0.103041 -1.579689
v -1.210260 -0.103041 -1.384673
v -1.210260 -0.103041 -1.356995
v -1.215006 -0.103041 -1.370834
v -1.210260 0.624789 -1.356995
v -1.210260 0.624789 -1.384672
v -1.215006 0.624789 -1.370833
v -1.359312 0.624789 -1.531291
v -1.386964 0.624789 -1.531235
v -1.373129 0.624789 -1.526536
v -1.386964 -0.103041 -1.531235
v -1.359312 -0.103041 -1.531291
v -1.373129 -0.103041 -1.526536
v -1.181973 -0.103053 -1.351762
v -1.186652 -0.103045 -1.334624
v -1.185493 -0.103055 -1.343168
v -1.186804 0.624785 -1.346668
v -1.191593 0.624778 -1.339554
v -1.190379 0.624775 -1.343106
v -3.747970 0.624790 0.060234
v -3.742399 0.624790 0.065805
v -3.745642 0.624790 0.063476
v -3.742400 -0.103041 0.065805
v -3.747971 -0.103041 0.060234
v -3.745642 -0.103041 0.063476
v -3.531635 0.624793 0.035333
v -3.522977 0.624801 0.051003
v -3.526451 0.624804 0.042298
v -3.524656 -0.103029 0.035324
v -3.522985 -0.103037 0.043982
v -3.522951 -0.103026 0.038798
v -3.934037 -0.103019 0.088635
v -3.940985 -0.103034 0.111287
v -3.932813 -0.103021 0.099986
v -3.262312 0.624767 0.088635
v -3.255363 0.624783 0.111287
v -3.263536 0.624769 0.099986
v -3.940986 0.624797 0.088685
v -3.948036 0.624811 0.111338
v -3.939813 0.624810 0.099987
v -3.255363 -0.103048 0.088685
v -3.248312 -0.103063 0.111338
v -3.256536 -0.103062 0.099986
v -3.522072 0.624790 0.089865
v -3.527643 0.624790 0.084294
v -3.524400 0.624790 0.086622
v -3.527643 -0.103041 0.084294
v -3.522072 -0.103041 0.089865
v -3.524401 -0.103041 0.086622
v -3.742399 0.624790 0.084294
v -3.747970 0.624790 0.089865
v -3.745642 0.624790 0.086622
v -3.747971 -0.103041 0.089865
v -3.742400 -0.103041 0.084294
v -3.745642 -0.103041 0.086622
v -3.540209 -0.103041 1.606562
v -3.534638 -0.103041 1.612133
v -3.536967 -0.103041 1.608890
v -3.534638 0.624790 1.612133
v -3.540209 0.624790 1.606562
v -3.536967 0.624790 1.608890
v -3.718501 -0.103045 1.616125
v -3.734171 -0.103052 1.607467
v -3.725466 -0.103055 1.610941
v -3.718493 0.624778 1.609145
v -3.727150 0.624786 1.607475
v -3.721967 0.624775 1.607441
v -3.535543 -0.103052 1.555511
v -3.544201 -0.103045 1.539841
v -3.539017 -0.103055 1.546806
v -3.717588 -0.103041 1.558499
v -3.737159 -0.103041 1.538928
v -3.724017 -0.103041 1.545357
v -3.535551 0.624786 1.548490
v -3.537221 0.624778 1.539832
v -3.535517 0.624775 1.543306
v -3.737159 0.624790 1.538928
v -3.717588 0.624790 1.558499
v -3.724017 0.624790 1.545357
v 1.092109 -0.103041 5.391719
v 1.111679 -0.103041 5.372148
v 1.105250 -0.103041 5.385289
v 1.111679 0.624790 5.372148
v 1.092109 0.624790 5.391719
v 1.105250 0.624790 5.385289
v 0.497297 -0.103041 5.372148
v 0.516867 -0.103041 5.391719
v 0.503726 -0.103041 5.385290
v 0.516867 0.624790 5.391719
v 0.497297 0.624790 5.372148
v 0.503726 0.624790 5.385290
v -1.502261 0.624790 1.965298
v -1.482690 0.624790 1.984869
v -1.489119 0.624790 1.971727
v -1.482690 0.624790 1.789670
v -1.502261 0.624790 1.809241
v -1.489119 0.624790 1.802812
v -1.482690 -0.103041 1.984869
v -1.502261 -0.103041 1.965298
v -1.489119 -0.103041 1.971727
v -1.502261 -0.103041 1.809241
v -1.482690 -0.103041 1.789670
v -1.489119 -0.103041 1.802812
v -1.560623 0.624790 1.984869
v -1.541052 0.624790 1.965298
v -1.554193 0.624790 1.971727
v -1.530142 0.624801 1.792658
v -1.538800 0.624793 1.808328
v -1.533616 0.624804 1.801362
v -1.541052 -0.103041 1.965298
v -1.560623 -0.103041 1.984869
v -1.554193 -0.103041 1.971727
v -1.530151 -0.103037 1.799678
v -1.531821 -0.103029 1.808336
v -1.530116 -0.103026 1.804862
v -1.559718 -0.103052 2.167472
v -1.551060 -0.103045 2.183142
v -1.556244 -0.103055 2.176177
v -1.559709 0.624786 2.174493
v -1.558039 0.624778 2.183151
v -1.559744 0.624775 2.179677
v -3.776494 0.624790 2.178484
v -3.770922 0.624790 2.184056
v -3.774165 0.624790 2.181727
v -3.543290 0.624790 2.184056
v -3.537719 0.624790 2.178484
v -3.540048 0.624790 2.181727
v -3.537719 -0.103041 2.178484
v -3.543290 -0.103041 2.184056
v -3.540047 -0.103041 2.181727
v -3.770922 -0.103041 2.184056
v -3.776494 -0.103041 2.178484
v -3.774165 -0.103041 2.181727
v -3.770922 0.624790 2.210634
v -3.776494 0.624790 2.216205
v -3.774165 0.624790 2.212963
v -3.537719 0.624790 2.216205
v -3.543290 0.624790 2.210634
v -3.540048 0.624790 2.212963
v -3.543290 -0.103041 2.210634
v -3.537719 -0.103041 2.216205
v -3.540047 -0.103041 2.212963
v -3.776494 -0.103041 2.216205
v -3.770922 -0.103041 2.210634
v -3.774165 -0.103041 2.212963
v -3.252877 0.624790 2.210634
v -3.233306 0.624790 2.230205
v -3.239735 0.624790 2.217063
v -3.233305 -0.103041 2.230205
v -3.252877 -0.103041 2.210634
v -3.239735 -0.103041 2.217063
v -3.233306 0.624790 3.006883
v -3.252877 0.624790 3.026454
v -3.239735 0.624790 3.020025
v -3.252877 -0.103041 3.026454
v -3.233305 -0.103041 3.006883
v -3.239735 -0.103041 3.020025
v -4.320543 0.624790 2.230205
v -4.300972 0.624790 2.210634
v -4.314113 0.624790 2.217063
v -4.300972 -0.103041 2.210634
v -4.320543 -0.103041 2.230205
v -4.314113 -0.103041 2.217063
v -4.300972 0.624790 3.026454
v -4.320543 0.624790 3.006883
v -4.314113 0.624790 3.020025
v -4.320543 -0.103041 3.006883
v -4.300972 -0.103041 3.026454
v -4.314113 -0.103041 3.020025
vn -0.0000 -0.0000 -1.0000
vn 0.7473 -0.0000 0.6645
vn -0.7589 -0.0000 0.6513
vn -0.0000 -0.0000 1.0000
vn 1.0000 -0.0000 -0.0000
vn 0.6197 -0.0000 -0.7848
vn -1.0000 -0.0000 -0.0000
vn -0.3827 -0.0000 -0.9239
vn -0.9239 -0.0000 -0.3827
vn 0.9239 -0.0000 -0.3827
vn 0.3827 -0.0000 -0.9239
vn -0.9239 -0.0000 0.3827
vn -0.3827 -0.0000 0.9239
vn 0.3827 -0.0000 0.9239
vn 0.9239 -0.0000 0.3827
vn -0.9809 -0.0000 -0.1945
vn -0.8828 -0.0000 -0.4697
vn -0.9809 -0.0000 -0.1946
vn -0.2795 -0.0000 -0.9601
vn -0.6748 -0.0000 -0.7380
vn 0.2631 -0.0000 -0.9648
vn 0.6352 -0.0000 -0.7723
vn 0.1850 -0.0000 -0.9827
vn 0.4466 -0.0000 -0.8947
vn 0.7877 -0.0000 -0.6161
vn 0.9669 -0.0000 -0.2552
vn -0.7071 -0.0102 0.7071
vn -0.7071 -0.0034 0.7071
vn -0.8360 -0.0000 -0.5488
vn -0.9738 -0.0000 -0.2273
vn 0.9751 -0.0000 0.2218
vn 0.8446 -0.0000 0.5354
vn 0.3529 -0.0000 -0.9357
vn -0.3870 -0.0000 -0.9221
vn -0.3775 -0.0000 0.9260
vn 0.3812 -0.0000 0.9245
vn 0.3870 -0.0000 -0.9221
vn -0.3630 -0.0000 -0.9318
vn -0.9155 -0.0000 -0.4023
vn -0.9256 -0.0000 0.3784
vn -0.3838 -0.0000 0.9234
vn 0.3816 -0.0000 0.9243
vn 0.9243 -0.0000 -0.3816
vn 0.9234 -0.0000 0.3838
vn -0.9243 -0.0000 0.3816
vn -0.9234 -0.0000 -0.3838
vn -0.3816 -0.0000 -0.9243
vn 0.3838 -0.0000 -0.9234
vn -0.4412 -0.0000 -0.8974
vn 0.3692 -0.0000 -0.9293
vn 0.5790 -0.0000 0.8153
vn 0.2399 -0.0000 0.9708
vn -0.2396 -0.0000 -0.9709
vn -0.5787 -0.0000 -0.8156
vn 0.7965 -0.0000 -0.6047
vn 0.9681 -0.0000 -0.2504
vn -0.2721 -0.0000 0.9623
vn 0.5044 -0.0000 0.8635
vn 0.9598 -0.0000 0.2808
vn 0.8736 -0.0000 -0.4866
vn -0.8720 -0.0000 0.4896
vn -0.9694 -0.0000 -0.2453
vn -0.9008 -0.0000 -0.4343
vn -0.9851 -0.0000 -0.1721
vn -0.3872 -0.0000 -0.9220
vn -0.9242 -0.0000 -0.3819
vn 0.9666 -0.0000 -0.2563
vn 0.7857 -0.0000 -0.6186
vn -0.6064 -0.0000 -0.7951
vn -0.2548 -0.0000 -0.9670
vn 0.2535 -0.0000 -0.9673
vn -0.4916 -0.0000 -0.8708
vn -0.9243 -0.0000 -0.3817
vn -0.9215 -0.0000 0.3883
vn 0.3795 -0.0000 -0.9252
vn -0.3832 -0.0000 -0.9237
vn 0.9999 0.0101 -0.0127
vn 0.9999 0.0034 -0.0127
vn -1.0000 -0.0048 -0.0000
vn -0.9999 -0.0143 -0.0000
vn 0.9999 0.0151 -0.0000
vn 1.0000 0.0046 -0.0000
vn -0.7071 0.0102 0.7071
vn -0.7071 0.0034 0.7071
vn -0.7071 -0.0102 -0.7071
vn -0.7071 -0.0034 -0.7071
vn 0.7071 0.0034 -0.7071
vn 0.7071 0.0102 -0.7071
vn -0.7746 -0.0000 -0.6325
vn -0.8542 -0.0000 -0.5199
vn 0.8160 -0.0000 -0.5780
vn 0.6044 -0.0000 -0.7967
vn -0.6894 -0.0000 -0.7244
vn 0.7049 -0.0000 0.7093
vn -0.7063 -0.0000 -0.7080
vn 0.6798 -0.0000 -0.7334
vn -0.7020 -0.0000 0.7122
vn 0.7080 -0.0000 -0.7063
vn -0.7080 -0.0000 0.7063
vn 0.7063 -0.0000 0.7080
vn 0.7035 -0.0000 -0.7107
vn -0.7572 -0.0000 -0.6531
vn 0.7577 -0.0000 0.6526
vn 0.7987 -0.0000 0.6017
vn -0.6226 -0.0000 0.7825
vn 0.7783 -0.0000 0.6278
vn -0.8051 -0.0000 -0.5931
vn -0.9999 -0.0000 0.0128
vn -0.0057 -0.0000 -1.0000
vn 0.6009 -0.0000 -0.7993
vn -0.7855 -0.0000 -0.6189
vn 0.6019 -0.0000 -0.7986
vn -0.7071 -0.0000 -0.7071
vn 0.7071 -0.0000 -0.7071
vn 0.7071 -0.0000 0.7071
vn 0.7042 -0.0000 -0.7100
vn 0.7248 -0.0000 0.6890
vn -0.0001 -0.0000 -1.0000
vn 0.0001 -0.0000 -1.0000
vn -0.7501 -0.0000 -0.6613
vn 0.6390 -0.0000 -0.7692
vn -0.6197 -0.0000 0.7848
vn 0.7694 -0.0000 -0.6388
vn -0.9997 -0.0000 -0.0226
vn -1.0000 -0.0000 -0.0100
vn 1.0000 -0.0000 -0.0100
vn -0.0895 -0.0000 -0.9960
vn 0.4394 -0.0000 0.8983
vn 0.8983 -0.0000 0.4394
vn -0.5834 -0.0000 -0.8122
vn -0.8122 -0.0000 -0.5834
vn -0.8983 -0.0000 0.4394
vn -0.4394 -0.0000 0.8983
vn 0.5833 -0.0000 -0.8123
vn 0.8122 -0.0000 -0.5833
vn -0.8122 -0.0000 -0.5833
vn -0.5833 -0.0000 -0.8123
vn 0.8983 -0.0000 -0.4394
vn 0.4394 -0.0000 -0.8983
vn -0.4394 -0.0000 -0.8983
vn -0.8983 -0.0000 -0.4394
vn 0.8122 -0.0000 0.5833
vn 0.5833 -0.0000 0.8122
vn -0.5833 -0.0000 0.8123
vn -0.8122 -0.0000 0.5833
vn 0.4395 -0.0000 -0.8983
vn -0.5833 -0.0000 -0.8122
vn 0.9870 -0.0000 0.1607
vn 0.8662 -0.0000 0.4997
vn 0.8870 -0.0000 0.4617
vn 0.9791 -0.0000 0.2034
vn 0.2997 -0.0000 0.9540
vn 0.6591 -0.0000 0.7521
vn 0.9723 -0.0000 0.2336
vn -0.3060 -0.0000 0.9520
vn -0.0295 -0.0000 0.9996
vn -0.7986 -0.0000 0.6018
vn -0.6212 -0.0000 0.7837
vn -0.2804 -0.0000 0.9599
vn 0.5833 -0.0000 -0.8122
vn -0.1575 -0.0000 0.9875
vn -0.4714 -0.0000 0.8819
vn -0.6703 -0.0000 0.7421
vn -0.9963 -0.0000 0.0854
vn 0.8122 -0.0000 -0.5834
vn -0.5834 -0.0000 0.8122
vn -0.8122 -0.0000 0.5834
vn 0.8122 -0.0000 0.5834
vn 0.5833 -0.0000 0.8123
vn 0.3205 0.0054 -0.9472
vn 0.9463 -0.0007 -0.3232
vn -0.5143 -0.0000 -0.8576
vn 0.8576 -0.0000 -0.5143
vn 0.7930 -0.0000 0.6093
vn 0.9880 -0.0000 0.1545
vn -0.9724 -0.0000 -0.2334
vn -0.8510 -0.0000 -0.5252
vn 0.1296 -0.0000 -0.9916
vn -0.1659 -0.0000 -0.9861
vn 0.3202 -0.0000 -0.9474
vn -0.3240 -0.0000 -0.9461
vn -0.5833 -0.0000 0.8122
vn 0.1663 -0.0000 -0.9861
vn -0.1406 -0.0000 -0.9901
vn -0.9832 -0.0000 -0.1828
vn -0.9876 -0.0000 0.1572
vn -0.1631 -0.0000 0.9866
vn 0.1607 -0.0000 0.9870
vn 0.9870 -0.0000 -0.1607
vn 0.9866 -0.0000 0.1631
vn 0.9463 -0.0000 -0.3233
vn 0.9455 -0.0000 0.3256
vn -0.3233 -0.0000 -0.9463
vn 0.3256 -0.0000 -0.9455
vn 0.3233 -0.0000 0.9463
vn -0.3256 -0.0000 0.9455
vn -0.9455 -0.0000 -0.3256
vn -0.9463 -0.0000 0.3233
vn 0.3769 -0.0000 0.9263
vn -0.3029 -0.0000 0.9530
vn -0.5673 -0.0000 -0.8235
vn -0.2538 -0.0000 -0.9673
vn 0.1373 -0.0000 0.9905
vn 0.6604 -0.0000 0.7509
vn -0.8123 -0.0000 0.5833
vn -0.8060 -0.0000 0.5919
vn -0.9640 -0.0000 0.2658
vn -0.0452 -0.0000 0.9990
vn 0.2939 -0.0000 0.9558
vn 0.9985 -0.0000 0.0543
vn 0.9616 -0.0000 -0.2745
vn -0.9608 -0.0000 0.2772
vn -0.9999 -0.0000 -0.0171
vn 0.9042 -0.0000 0.4270
vn 0.9837 -0.0000 0.1800
vn -0.5873 -0.0000 -0.8094
vn -0.8127 -0.0000 -0.5827
vn -0.9968 -0.0000 0.0796
vn -0.6626 -0.0000 0.7489
vn 0.5938 -0.0000 0.8046
vn 0.2701 -0.0000 0.9628
vn 0.0261 -0.0000 -0.9997
vn -0.2799 -0.0000 -0.9600
vn 0.9465 -0.0000 0.3227
vn 0.9442 -0.0000 -0.3295
vn -0.9459 -0.0000 -0.3244
vn -0.9459 -0.0000 0.3244
vn -0.3216 -0.0000 0.9469
vn 0.3254 -0.0000 0.9456
vn -0.9093 -0.0056 -0.4160
vn -0.8997 0.0005 0.4365
vn 0.5834 -0.0000 -0.8122
vn 0.9473 0.0054 -0.3204
vn 0.3231 -0.0007 -0.9464
vn 0.0002 -0.0155 -0.9999
vn -0.0000 -0.0156 0.9999
vn -0.0000 0.0156 0.9999
vn -0.0001 0.0155 -0.9999
vn 0.5834 -0.0000 0.8122
vn 0.3205 -0.0054 -0.9472
vn 0.9463 0.0007 -0.3232
vn 0.3231 0.0007 -0.9464
vn 0.9472 -0.0054 -0.3205
vn 0.4395 -0.0000 0.8983
vn 0.9473 0.0054 0.3204
vn 0.3231 -0.0007 0.9464
vn -0.3231 0.0007 0.9464
vn -0.9472 -0.0054 0.3205
vn -0.8983 -0.0000 -0.4395
vn -0.8983 -0.0000 0.4395
vn -0.0016 -0.0000 1.0000
vn 1.0000 -0.0000 0.0072
vn -0.0389 -0.0000 -0.9992
vn 1.0000 -0.0000 -0.0005
vn 1.0000 -0.0000 0.0002
vn 0.7746 -0.0000 0.6325
vn 1.0000 -0.0000 -0.0011
vn 0.8542 -0.0000 0.5199
vn -0.0234 -0.0000 0.9997
vn -0.8160 -0.0000 0.5780
vn -0.0003 -0.0000 1.0000
vn 0.0005 -0.0000 1.0000
vn -0.0033 -0.0000 1.0000
vn -0.6044 -0.0000 0.7967
vn -1.0000 -0.0000 0.0002
vn -1.0000 -0.0000 -0.0003
vn 1.0000 -0.0000 0.0003
vn -1.0000 -0.0000 0.0003
vn 0.0027 -0.0000 -1.0000
vn 0.0006 -0.0000 1.0000
vn 1.0000 -0.0000 0.0053
vn -0.0078 -0.0000 1.0000
vn -0.9650 -0.0000 0.2621
vn 0.9695 -0.0000 0.2452
vn -0.0015 -0.0000 -1.0000
vn 0.6893 -0.0000 0.7245
vn 1.0000 -0.0000 0.0086
vn -0.7042 -0.0000 -0.7100
vn -1.0000 -0.0000 0.0094
vn 0.7062 -0.0000 0.7080
vn -0.6802 -0.0000 0.7330
vn 0.7020 -0.0000 -0.7122
vn -0.7220 -0.0000 -0.6919
vn 0.6893 -0.0000 0.7244
vn 0.7075 -0.0000 0.7068
vn -0.7030 -0.0000 0.7111
vn 0.7571 -0.0000 0.6533
vn 0.0007 -0.0000 -1.0000
vn -0.7576 -0.0000 -0.6527
vn 0.0002 -0.0000 1.0000
vn -0.0008 -0.0000 1.0000
vn 0.0007 -0.0000 1.0000
vn 0.0016 -0.0000 -1.0000
vn -0.0016 -0.0000 -1.0000
vn 1.0000 -0.0000 -0.0028
vn -0.6200 -0.0000 0.7846
vn -1.0000 -0.0000 0.0012
vn -0.7990 -0.0000 -0.6013
vn 0.6227 -0.0000 -0.7825
vn -0.6194 -0.0000 0.7851
vn -0.7781 -0.0000 -0.6281
vn 0.8047 -0.0000 0.5937
vn 0.9999 -0.0000 -0.0124
vn 0.0054 -0.0000 1.0000
vn -0.6006 -0.0000 0.7995
vn -1.0000 -0.0000 -0.0009
vn 0.7857 -0.0000 0.6187
vn -0.6024 -0.0000 0.7982
vn -0.6856 0.0001 0.7280
vn -0.6914 -0.0000 -0.7225
vn -0.7112 -0.0000 0.7030
vn -0.6335 0.0006 -0.7737
vn -0.0068 -0.0000 1.0000
vn 0.0017 -0.0000 -1.0000
vn 0.9998 0.0001 -0.0214
vn 0.0127 -0.0000 0.9999
vn -0.0224 -0.0001 -0.9997
vn -0.0051 -0.0000 1.0000
vn 0.0162 -0.0000 -0.9999
vn 0.0131 -0.0000 -0.9999
vn 0.9999 -0.0001 -0.0151
vn -0.0133 0.0001 -0.9999
vn 0.9999 0.0001 0.0168
vn 0.0063 -0.0000 -1.0000
vn -0.0151 -0.0000 -0.9999
vn -0.0275 -0.0001 0.9996
vn -1.0000 -0.0000 0.0049
vn 0.9992 -0.0002 -0.0405
vn 0.0085 -0.0000 1.0000
vn 0.0010 -0.0000 1.0000
vn -0.0006 -0.0000 1.0000
vn -0.0000 1.0000 -0.0000
vn -0.0000 -1.0000 -0.0000
vn -0.0004 1.0000 0.0007
vn -0.7071 -0.0084 -0.7071
vn 0.0070 0.9999 0.0118
vn 0.0003 1.0000 0.0015
vn -0.0028 1.0000 -0.0012
vn 0.7071 -0.0084 0.7071
vn 0.0008 -1.0000 0.0002
vn -0.0127 0.0083 -0.9999
vn 0.0049 -0.9998 0.0190
vn 0.0008 -1.0000 0.0012
vn 0.0012 -1.0000 -0.0031
vn 0.0126 0.0083 0.9999
vn -0.0119 0.9999 -0.0069
vn -0.0007 1.0000 0.0004
vn 0.0012 1.0000 0.0028
vn -0.0015 1.0000 -0.0003
vn -0.0016 1.0000 -0.0015
vn -0.0000 -0.0155 -0.9999
vn -0.0010 1.0000 0.0001
vn -0.0010 1.0000 -0.0012
vn -0.0016 1.0000 -0.0002
vn 0.0001 -0.0156 0.9999
vn 0.0017 -1.0000 -0.0002
vn 0.0011 -1.0000 -0.0013
vn 0.0011 -1.0000 0.0001
vn 0.0017 -1.0000 -0.0016
vn -0.0000 0.0155 -0.9999
vn 0.0069 -0.9999 0.0119
vn -0.7071 0.0084 -0.7071
vn -0.0004 -1.0000 0.0007
vn -0.0028 -1.0000 -0.0012
vn 0.0003 -1.0000 0.0015
vn 0.7071 0.0084 0.7071
vn 0.0012 -1.0000 0.0028
vn -0.0015 -1.0000 -0.0003
vn -0.0119 -0.9999 -0.0069
vn -0.0007 -1.0000 0.0004
vn -0.0007 1.0000 -0.0004
vn 0.7071 -0.0084 -0.7071
vn -0.0119 0.9999 0.0069
vn -0.0015 1.0000 0.0003
vn 0.0012 1.0000 -0.0028
vn -0.7071 -0.0084 0.7071
vn -0.0012 -1.0000 -0.0028
vn 0.0015 -1.0000 0.0003
vn 0.0119 -0.9999 0.0069
vn 0.0007 -1.0000 -0.0004
vn 0.0004 -1.0000 -0.0000
vn 0.3825 -0.0089 0.9239
vn -0.0001 1.0000 -0.0000
vn -0.0000 -1.0000 -0.0001
vn 0.9239 0.0089 0.3825
vn -0.0000 1.0000 0.0004
vn 0.0001 -1.0000 -0.0001
vn -0.0002 1.0000 0.0005
vn 0.3887 0.0089 0.9213
vn -0.0002 1.0000 -0.0001
vn -0.3653 -0.0089 0.9309
vn 0.0005 -1.0000 0.0004
vn -0.0000 -1.0000 -0.0004
vn -0.0000 1.0000 0.0001
vn -0.9239 -0.0089 -0.3825
vn -0.0003 1.0000 0.0002
vn -0.3825 0.0089 -0.9239
vn 0.0001 -1.0000 -0.0000
vn -0.0000 1.0000 -0.0008
vn 0.7078 0.0069 -0.7063
vn -0.0000 -1.0000 0.0003
vn -0.0000 1.0000 0.0003
vn -0.7079 -0.0068 -0.7063
vn -0.0001 -1.0000 -0.0008
vn -0.0000 -1.0000 -0.0008
vn -0.7079 -0.0069 -0.7063
vn 0.7079 0.0068 -0.7063
vn -0.0003 -1.0000 0.0001
vn 0.0001 1.0000 -0.0000
vn -0.3825 -0.0089 -0.9239
vn -0.0000 -1.0000 0.0005
vn 0.9239 -0.0089 0.3825
vn -0.0000 1.0000 -0.0002
vn -0.0001 -1.0000 -0.0000
vn 0.3825 0.0089 0.9239
vn 0.0004 1.0000 0.0001
vn -0.0000 -1.0000 0.0002
vn -0.0000 1.0000 -0.0005
vn -0.9239 0.0089 -0.3825
vn 0.0001 1.0000 -0.0001
vn -0.0002 -1.0000 0.0004
vn -0.9239 -0.0089 0.3825
vn 0.0002 -1.0000 -0.0000
vn -0.3825 0.0089 0.9239
vn -0.0005 1.0000 -0.0000
vt -0.500924 0.529034
vt -0.500924 -0.154034
vt -1.061959 -0.154034
vt -1.061959 0.529034
vt -0.514074 0.529034
vt -0.514074 -0.154034
vt -1.062681 -0.154034
vt -1.062681 0.529034
vt 1.738860 0.529033
vt 1.738860 -0.154034
vt 2.068905 -0.154034
vt 2.068905 0.529033
vt 1.710737 -0.154034
vt 1.710737 0.529033
vt 1.343672 -0.154034
vt 1.343672 0.529033
vt 1.552698 0.529033
vt 1.552698 -0.154034
vt 0.945154 0.529033
vt 0.945154 -0.154034
vt 1.113801 -0.154034
vt 1.113801 0.529033
vt 2.924998 -0.154034
vt 2.924998 0.529033
vt 2.729028 0.529033
vt 2.729028 -0.154034
vt 4.269089 -0.154034
vt 4.269089 0.529033
vt 4.536441 0.529033
vt 4.536441 -0.154034
vt 1.544973 -0.154034
vt 1.544973 0.529034
vt -0.989819 0.529034
vt -0.989819 -0.154034
vt -0.928973 -0.154034
vt -0.928973 0.529034
vt 0.379621 -0.154034
vt 0.379621 0.529034
vt 0.379633 0.529034
vt 0.379633 -0.154034
vt -0.362873 -0.154034
vt -0.362873 0.529034
vt -2.169778 0.529034
vt -2.169777 -0.154034
vt -2.356353 -0.154034
vt -2.356353 0.529034
vt 3.350766 -0.154034
vt 3.350766 0.529034
vt 3.357064 0.529034
vt 3.357064 -0.154034
vt -1.928091 -0.154034
vt -1.928091 0.529034
vt -1.921793 0.529034
vt -1.921793 -0.154034
vt 3.363361 0.529034
vt 3.363361 -0.154034
vt -1.637415 0.529034
vt -1.637415 -0.154034
vt -1.643712 -0.154034
vt -1.643712 0.529034
vt -1.921794 -0.154034
vt -1.921794 0.529034
vt 2.408036 -0.154034
vt 2.408036 0.529034
vt 2.414333 0.529034
vt 2.414333 -0.154034
vt 2.401738 -0.154034
vt 2.401738 0.529034
vt -1.643713 0.529034
vt -1.643713 -0.154034
vt -1.643712 0.529034
vt 2.012995 -0.154034
vt 2.012995 0.529034
vt 2.019292 0.529034
vt 2.019292 -0.154034
vt -1.643713 -0.154034
vt -1.643712 0.529034
vt 1.488508 -0.154034
vt 1.488508 0.529034
vt 1.482211 0.529034
vt 1.482211 -0.154034
vt 1.006746 -0.154034
vt 1.006746 0.529034
vt 1.000449 0.529034
vt 1.000449 -0.154034
vt -1.674097 -0.154034
vt -1.674097 0.529034
vt -1.680394 0.529034
vt -1.680394 -0.154034
vt 0.994151 0.529034
vt 0.994151 -0.154034
vt -0.045441 -0.154034
vt -0.045441 0.529034
vt -0.051739 0.529034
vt -0.051739 -0.154034
vt -1.674097 0.529034
vt -1.674097 -0.154034
vt -1.487416 -0.154034
vt -1.487416 0.529034
vt -1.481119 0.529034
vt -1.481119 -0.154034
vt -0.058036 0.529034
vt -0.058036 -0.154034
vt -0.314699 -0.154034
vt -0.314699 0.529034
vt -0.320997 0.529034
vt -0.320997 -0.154034
vt -1.474821 0.529034
vt -1.474821 -0.154034
vt -0.996117 -0.154034
vt -0.996117 0.529034
vt -0.327294 0.529034
vt -0.327294 -0.154034
vt -0.465358 -0.154034
vt -0.465358 0.529034
vt -0.459060 0.529034
vt -0.459060 -0.154034
vt -0.507777 0.529034
vt -0.507777 -0.154034
vt -0.465599 -0.154034
vt -0.465599 0.529034
vt -0.459302 0.529034
vt -0.459302 -0.154034
vt -0.452763 0.529034
vt -0.452763 -0.154034
vt 0.598422 -0.154034
vt 0.598422 0.529034
vt 0.604719 0.529034
vt 0.604719 -0.154034
vt 0.609597 0.529034
vt 0.609597 -0.154034
vt 1.343741 -0.154034
vt 1.343742 0.529034
vt 1.348620 0.529034
vt 1.348620 -0.154034
vt 1.354917 0.529034
vt 1.354917 -0.154034
vt 0.649755 -0.154034
vt 0.649755 0.529034
vt 0.656053 0.529034
vt 0.656053 -0.154034
vt 1.550352 0.529034
vt 1.550352 -0.154034
vt 1.746510 -0.154034
vt 1.746510 0.529034
vt 1.751889 0.529034
vt 1.751889 -0.154034
vt 0.782002 -0.154034
vt 0.782002 0.529034
vt 0.788300 0.529034
vt 0.788300 -0.154034
vt 1.308898 -0.154034
vt 1.308899 0.529034
vt 1.315196 0.529034
vt 1.315196 -0.154034
vt 1.746751 0.529034
vt 1.746751 -0.154034
vt 1.541116 -0.154034
vt 1.541116 0.529034
vt 1.535977 0.529034
vt 1.535977 -0.154034
vt 1.468134 -0.154034
vt 1.468134 0.529034
vt 1.474432 0.529034
vt 1.474432 -0.154034
vt 2.397334 -0.154034
vt 2.397334 0.529034
vt 2.403631 0.529034
vt 2.403631 -0.154034
vt 1.529679 0.529034
vt 1.529679 -0.154034
vt 1.446152 -0.154034
vt 1.446152 0.529034
vt 1.439855 0.529034
vt 1.439855 -0.154034
vt 2.409929 0.529034
vt 2.409928 -0.154034
vt 2.472868 -0.154034
vt 2.472868 0.529034
vt 2.479165 0.529034
vt 2.479165 -0.154034
vt 2.484183 0.529034
vt 2.484183 -0.154034
vt 4.039518 -0.154034
vt 4.039518 0.529034
vt 4.044535 0.529034
vt 4.044535 -0.154034
vt 0.252334 -0.154034
vt 0.252334 0.529034
vt 0.246036 0.529034
vt 0.246036 -0.154034
vt -0.628162 -0.154034
vt -0.628162 0.529034
vt -0.634459 0.529034
vt -0.634459 -0.154034
vt 4.050832 0.529034
vt 4.050832 -0.154034
vt 4.953053 -0.154034
vt 4.953053 0.529034
vt 4.959350 0.529034
vt 4.959350 -0.154034
vt -0.640757 0.529034
vt -0.640757 -0.154034
vt 3.548835 -0.154034
vt 3.548835 0.529034
vt 3.542537 0.529034
vt 3.542537 -0.154034
vt -2.454384 -0.154034
vt -2.454384 0.529034
vt -2.448087 0.529034
vt -2.448087 -0.154034
vt -2.448087 -0.154034
vt -2.448087 0.529034
vt 4.953053 -0.154034
vt -2.997166 -0.154034
vt -2.997166 0.529034
vt -2.990869 0.529034
vt -2.990869 -0.154034
vt 1.482211 -0.154034
vt 1.482211 0.529034
vt -2.997166 0.529034
vt -2.997166 -0.154034
vt 1.482211 0.529034
vt -1.762601 0.529034
vt -1.762601 -0.154034
vt -1.762601 0.529034
vt -1.756304 0.529034
vt -1.756304 -0.154034
vt 2.360054 -0.154034
vt 2.360054 0.529034
vt 2.366352 0.529034
vt 2.366352 -0.154034
vt -2.984571 0.529034
vt -2.984571 -0.154034
vt -1.768899 -0.154034
vt -1.768899 0.529034
vt -2.984571 -0.154034
vt -2.984571 0.529034
vt 1.186531 -0.154034
vt 1.186531 0.529034
vt 1.192829 0.529034
vt 1.192829 -0.154034
vt -1.768898 0.529034
vt -1.768898 -0.154034
vt -1.481119 -0.154034
vt -2.856517 -0.154034
vt -2.856517 0.529034
vt -2.850219 0.529034
vt -2.850219 -0.154034
vt -2.856517 -0.154034
vt -2.856517 0.529034
vt 0.424539 -0.154034
vt 0.424539 0.529034
vt 0.418241 0.529034
vt 0.418241 -0.154034
vt -1.068979 0.529034
vt -1.068979 -0.154034
vt 0.418241 -0.154034
vt 0.418241 0.529034
vt -2.524081 0.529034
vt -2.524082 -0.154034
vt -2.528644 -0.154034
vt -2.528644 0.529034
vt 1.330353 0.529034
vt 1.330353 -0.154034
vt 1.324056 -0.154034
vt 1.324056 0.529034
vt 1.275388 0.529034
vt 1.275388 -0.154034
vt 1.281685 -0.154034
vt 1.281685 0.529034
vt -1.891452 0.529034
vt -1.891452 -0.154034
vt -1.886985 -0.154034
vt -1.886985 0.529034
vt -0.724978 0.529034
vt -0.724978 -0.154034
vt -0.729596 -0.154034
vt -0.729596 0.529034
vt -0.734055 -0.154034
vt -0.734055 0.529034
vt -0.723204 -0.154034
vt -0.723204 0.529034
vt -0.727689 0.529034
vt -0.727689 -0.154034
vt -0.732156 0.529034
vt -0.732156 -0.154034
vt -2.949370 -0.154034
vt -2.949370 0.529034
vt -2.955667 0.529034
vt -2.955667 -0.154034
vt 0.134423 -0.154034
vt 0.134423 0.529034
vt 0.140721 0.529034
vt 0.140721 -0.154034
vt -1.731677 0.529034
vt -1.731677 -0.154034
vt -1.725379 -0.154034
vt -1.725379 0.529034
vt 0.872158 0.529034
vt 0.872158 -0.154034
vt 0.878455 -0.154034
vt 0.878455 0.529034
vt -1.731677 -0.154034
vt -1.731677 0.529034
vt -2.949370 0.529034
vt -2.949369 -0.154034
vt 1.180234 -0.154034
vt 1.180234 0.529034
vt -2.710861 -0.154034
vt -2.710861 0.529034
vt -2.717159 0.529034
vt -2.717159 -0.154034
vt -2.717159 -0.154034
vt -2.717159 0.529034
vt 0.884753 0.529034
vt 0.884753 -0.154034
vt -1.851221 0.529034
vt -1.851221 -0.154034
vt -1.844924 -0.154034
vt -1.844924 0.529034
vt 3.495193 0.529034
vt 3.495193 -0.154034
vt 3.499651 -0.154034
vt 3.499651 0.529034
vt -1.185821 0.529034
vt -1.185821 -0.154034
vt -1.190383 -0.154034
vt -1.190383 0.529034
vt -1.533365 0.529034
vt -1.533365 -0.154034
vt -1.537927 -0.154034
vt -1.537927 0.529034
vt 3.164587 0.529034
vt 3.164587 -0.154034
vt 3.160128 -0.154034
vt 3.160128 0.529034
vt 2.748763 0.529034
vt 2.748763 -0.154034
vt 2.744305 -0.154034
vt 2.744305 0.529034
vt -1.118658 0.529034
vt -1.118658 -0.154034
vt -1.114200 -0.154034
vt -1.114200 0.529034
vt 3.087511 -0.154034
vt 3.087511 0.529034
vt 3.083052 0.529034
vt 3.083052 -0.154034
vt -0.770227 -0.154034
vt -0.770227 0.529034
vt -0.774686 0.529034
vt -0.774686 -0.154034
vt 2.828489 0.529034
vt 2.828489 -0.154034
vt 2.824030 -0.154034
vt 2.824030 0.529034
vt -0.964650 0.529034
vt -0.964650 -0.154034
vt -0.969108 -0.154034
vt -0.969108 0.529034
vt -1.006063 0.529034
vt -1.006063 -0.154034
vt -1.001605 -0.154034
vt -1.001605 0.529034
vt 2.861075 0.529034
vt 2.861075 -0.154034
vt 2.856616 -0.154034
vt 2.856616 0.529034
vt -0.835717 0.529034
vt -0.835717 -0.154034
vt -0.840175 -0.154034
vt -0.840175 0.529034
vt 2.932011 0.529034
vt 2.932011 -0.154034
vt 2.936469 -0.154034
vt 2.936470 0.529034
vt -0.876348 -0.154034
vt -0.876348 0.529034
vt -0.880806 0.529034
vt -0.880806 -0.154034
vt 2.972740 -0.154034
vt 2.972740 0.529034
vt 2.968281 0.529034
vt 2.968281 -0.154034
vt 1.558995 0.529033
vt 1.558995 -0.154034
vt 3.122320 0.529033
vt 3.122320 -0.154034
vt 3.128617 -0.154034
vt 3.128617 0.529033
vt 2.431168 0.529033
vt 2.431168 -0.154034
vt 2.426399 -0.154034
vt 2.426399 0.529033
vt -0.085921 0.529033
vt -0.085922 -0.154034
vt -0.090397 -0.154034
vt -0.090397 0.529033
vt 2.556091 0.529033
vt 2.556091 -0.154034
vt 2.560862 -0.154034
vt 2.560862 0.529033
vt 0.698930 0.529033
vt 0.698930 -0.154034
vt 0.705227 -0.154034
vt 0.705227 0.529033
vt 0.520611 0.529033
vt 0.520611 -0.154034
vt 0.514314 -0.154034
vt 0.514314 0.529033
vt 3.117551 -0.154034
vt 3.117551 0.529033
vt 2.443187 0.529033
vt 2.443186 -0.154034
vt 2.449484 -0.154034
vt 2.449484 0.529033
vt 2.567160 -0.154034
vt 2.567160 0.529033
vt 3.116023 0.529033
vt 3.116023 -0.154034
vt 2.443187 -0.154034
vt 2.443187 0.529033
vt 3.128618 0.529033
vt 3.128618 -0.154034
vt 1.337375 -0.154034
vt 1.337375 0.529033
vt 3.153413 0.529033
vt 3.153413 -0.154034
vt 3.159710 -0.154034
vt 3.159710 0.529033
vt 1.558995 0.529033
vt 1.337375 -0.154034
vt 3.153413 -0.154034
vt 3.166007 0.529033
vt 3.166007 -0.154034
vt 3.159710 -0.154034
vt 0.968711 0.529033
vt 0.968711 -0.154034
vt 0.975008 -0.154034
vt 0.975008 0.529033
vt 0.975008 0.529033
vt 0.975008 -0.154034
vt 3.649099 0.529033
vt 3.649099 -0.154034
vt 3.642802 -0.154034
vt 3.642802 0.529033
vt 1.962688 0.529033
vt 1.962688 -0.154034
vt 1.968986 -0.154034
vt 1.968986 0.529033
vt 3.166007 -0.154034
vt 3.166007 0.529033
vt 3.642802 0.529033
vt 3.642802 -0.154034
vt 3.649099 -0.154034
vt 1.962688 0.529033
vt 1.120098 -0.154034
vt 1.120098 0.529033
vt 2.554565 0.529033
vt 2.554565 -0.154034
vt 0.938857 0.529033
vt 0.938856 -0.154034
vt 2.538461 -0.154034
vt 2.538461 0.529033
vt 2.532164 0.529033
vt 2.532164 -0.154034
vt 1.120098 0.529033
vt 1.120098 -0.154034
vt 0.938856 -0.154034
vt 0.938857 0.529033
vt 1.286689 -0.154034
vt 1.286690 0.529033
vt 1.292987 0.529033
vt 1.292987 -0.154034
vt 2.525866 0.529033
vt 2.525866 -0.154034
vt 2.245938 -0.154034
vt 2.245938 0.529033
vt 2.239641 0.529033
vt 2.239641 -0.154034
vt 1.286690 0.529033
vt 2.525866 -0.154034
vt 2.525867 0.529033
vt 0.758365 -0.154034
vt 0.758365 0.529033
vt 0.764663 0.529033
vt 0.764662 -0.154034
vt 0.764662 -0.154034
vt 0.764663 0.529033
vt 2.245939 0.529033
vt 2.245938 -0.154034
vt 2.722731 0.529033
vt 2.722731 -0.154034
vt 2.455782 -0.154034
vt 2.455782 0.529033
vt 2.931296 -0.154034
vt 2.931296 0.529033
vt 2.483731 0.529033
vt 2.483731 -0.154034
vt 2.490029 -0.154034
vt 2.490029 0.529033
vt 2.722731 -0.154034
vt 2.722731 0.529033
vt 2.931296 0.529033
vt 2.931295 -0.154034
vt 4.017108 0.529033
vt 4.017108 -0.154034
vt 4.012166 -0.154034
vt 4.012166 0.529033
vt 2.625278 0.529033
vt 2.625278 -0.154034
vt 2.631575 -0.154034
vt 2.631575 0.529033
vt 4.180892 0.529033
vt 4.180891 -0.154034
vt 4.185819 -0.154034
vt 4.185819 0.529033
vt 0.686032 0.529033
vt 0.686032 -0.154034
vt 0.691062 -0.154034
vt 0.691062 0.529033
vt 1.792408 0.529033
vt 1.792408 -0.154034
vt 1.797310 -0.154034
vt 1.797310 0.529033
vt 5.060717 0.529033
vt 5.060717 -0.154034
vt 5.055775 -0.154034
vt 5.055775 0.529033
vt 2.307720 -0.154034
vt 2.307720 0.529033
vt 2.302793 0.529033
vt 2.302793 -0.154034
vt 2.184377 -0.154034
vt 2.184377 0.529033
vt 2.189447 0.529033
vt 2.189447 -0.154034
vt 2.436643 -0.154034
vt 2.436642 0.529033
vt 2.441712 0.529033
vt 2.441712 -0.154034
vt 2.448010 0.529033
vt 2.448010 -0.154034
vt 2.496326 0.529033
vt 2.496326 -0.154034
vt 3.106493 0.529033
vt 3.106493 -0.154034
vt 3.100196 -0.154034
vt 3.100196 0.529033
vt 3.058966 0.529033
vt 3.058966 -0.154034
vt 3.065263 -0.154034
vt 3.065263 0.529033
vt 4.007133 -0.154034
vt 4.007132 0.529033
vt 3.114479 0.529033
vt 3.114479 -0.154034
vt 3.109532 -0.154034
vt 3.109532 0.529033
vt 3.019532 0.529033
vt 3.019532 -0.154034
vt 3.013235 -0.154034
vt 3.013235 0.529033
vt 3.372192 0.529033
vt 3.372192 -0.154034
vt 3.367163 -0.154034
vt 3.367163 0.529033
vt 3.550740 0.529033
vt 3.550740 -0.154034
vt 3.545794 -0.154034
vt 3.545794 0.529033
vt -0.176805 -0.154034
vt -0.176805 0.529033
vt -0.172352 0.529033
vt -0.172352 -0.154034
vt -0.176837 0.529033
vt -0.176837 -0.154034
vt -0.049822 -0.154034
vt -0.049822 0.529033
vt -0.054275 0.529033
vt -0.054275 -0.154034
vt -0.049822 0.529033
vt -0.049822 -0.154034
vt -0.212809 -0.154034
vt -0.212809 0.529033
vt -0.208338 0.529033
vt -0.208338 -0.154034
vt -0.203885 0.529033
vt -0.203885 -0.154034
vt 1.680450 -0.154034
vt 1.676001 0.529033
vt 1.675885 0.529033
vt 1.675885 -0.154034
vt -0.027286 -0.154034
vt -0.027286 0.529033
vt -2.336990 -0.154034
vt -2.336990 0.529034
vt -2.330692 0.529034
vt -2.330693 -0.154034
vt 0.418241 0.529034
vt 0.418241 -0.154034
vt -2.149404 -0.154034
vt -2.155701 0.529034
vt -2.155701 -0.154034
vt 0.424539 -0.154034
vt -2.528643 -0.154034
vt -2.528643 0.529034
vt -2.522346 -0.154034
vt -2.534941 0.529034
vt -1.897749 0.529034
vt -1.885154 -0.154034
vt -1.891452 -0.154034
vt -1.891452 0.529034
vt -1.891452 -0.154034
vt 0.385968 -0.154034
vt 0.385968 0.529034
vt 0.379670 0.529034
vt 0.379670 -0.154034
vt -2.336990 0.529034
vt -2.336990 -0.154034
vt -2.149404 -0.154034
vt -2.149403 0.529034
vt 0.385968 0.529034
vt 0.385968 -0.154034
vt -0.983522 0.529034
vt -0.983522 -0.154034
vt -2.167006 0.529034
vt -2.167006 -0.154034
vt -2.160708 -0.154034
vt -2.160708 0.529034
vt -0.983522 0.529034
vt -2.331594 0.529034
vt -2.331594 -0.154034
vt -2.337892 0.529034
vt -2.337892 -0.154034
vt -0.935270 -0.154034
vt -0.935270 0.529034
vt -0.928973 0.529034
vt 2.006697 -0.154034
vt 2.006697 0.529034
vt -4.366852 -0.154034
vt -4.366852 0.529034
vt -4.360555 0.529034
vt -4.360555 -0.154034
vt 1.494806 0.529034
vt 1.494806 -0.154034
vt -0.327294 0.529034
vt -1.312551 0.529034
vt -1.312551 -0.154034
vt -1.318849 -0.154034
vt -1.318849 0.529034
vt -1.137624 0.529034
vt -1.137624 -0.154034
vt -1.143922 -0.154034
vt -1.143922 0.529034
vt -0.327294 -0.154034
vt -0.327294 0.529034
vt -1.318849 0.529034
vt -1.318849 -0.154034
vt -0.356575 -0.154034
vt -0.356575 0.529034
vt -1.137624 0.529034
vt -1.481119 0.529034
vt -0.369170 0.529034
vt -1.487416 -0.154034
vt -2.362650 -0.154034
vt -2.362650 0.529034
vt -2.163480 0.529034
vt -2.163480 -0.154034
vt -2.362650 0.529034
vt -2.362650 -0.154034
vt -1.533265 0.529034
vt -1.533265 -0.154034
vt -1.526967 -0.154034
vt -1.526967 0.529034
vt -2.163480 -0.154034
vt -2.163480 0.529034
vt -1.902213 0.529034
vt -1.902213 -0.154033
vt -1.895916 -0.154033
vt -1.895916 0.529034
vt -1.533265 -0.154033
vt -1.539562 -0.154033
vt -1.539562 0.529034
vt -2.232674 0.529034
vt -2.232674 -0.154033
vt -2.238971 -0.154033
vt -2.238971 0.529034
vt -1.902213 -0.154033
vt -1.902214 0.529034
vt -1.539562 0.529034
vt -1.539562 -0.154034
vt -2.845800 0.529034
vt -2.845800 -0.154034
vt -2.839502 -0.154034
vt -2.839502 0.529034
vt -2.839502 0.529034
vt -2.839502 -0.154034
vt -2.238971 -0.154034
vt -2.232674 -0.154034
vt -2.232674 0.529034
vt -1.756304 -0.154034
vt 0.148104 -0.154034
vt 0.148104 0.529034
vt 1.889229 0.529034
vt 1.889229 -0.154034
vt -1.644711 0.529034
vt -1.644711 -0.154034
vt -1.081703 0.529034
vt -1.081703 -0.154034
vt -0.762060 -0.154034
vt -0.762060 0.529034
vt -0.392296 0.529034
vt -0.392296 -0.154034
vt 1.089992 -0.154034
vt 1.089992 0.529033
vt 3.684948 -0.154034
vt 3.684948 0.529033
vt -0.031739 0.529033
vt -0.018290 -0.154034
vt -0.018290 0.529033
vt -0.935270 -0.154034
vt -2.337892 -0.154034
vt -0.356575 -0.154034
vt -1.474821 -0.154034
s 0
usemtl damaged_plaster
f 13/1/1 14/2/1 19/3/1 17/4/1
f 1/5/1 2/6/1 20/7/1 18/8/1
f 30/9/2 29/10/2 28/11/2 27/12/2
f 55/13/3 56/14/3 30/9/3 29/10/3
f 36/15/1 35/16/1 33/17/1 34/18/1
f 39/19/4 40/20/4 38/21/4 37/22/4
f 43/23/5 44/24/5 42/25/5 41/26/5
f 49/27/6 50/28/6 48/29/6 47/30/6
f 4/31/3 3/32/3 56/14/3 55/13/3
f 18/33/5 20/34/5 64/35/5 66/36/5
f 16/34/7 15/33/7 63/36/7 65/35/7
f 66/36/5 64/35/5 62/37/5 61/38/5
f 65/35/7 63/36/7 60/39/7 59/40/7
f 68/41/4 67/42/4 1/5/4 2/6/4
f 70/43/1 71/44/1 72/45/1 69/46/1
f 82/47/8 80/48/8 81/49/8 84/50/8
f 84/51/9 81/52/9 79/53/9 83/54/9
f 73/55/8 77/56/8 78/50/8 75/49/8
f 75/57/9 78/58/9 76/59/9 74/60/9
f 88/61/10 86/62/10 87/52/10 90/51/10
f 90/63/11 87/64/11 85/65/11 89/66/11
f 94/67/11 92/68/11 93/64/11 96/63/11
f 96/58/10 93/57/10 91/69/10 95/70/10
f 100/59/9 98/71/9 99/57/9 102/58/9
f 102/72/8 99/73/8 97/74/8 101/75/8
f 106/76/12 104/77/12 105/57/12 108/58/12
f 108/78/13 105/79/13 103/80/13 107/81/13
f 112/82/14 110/83/14 111/84/14 114/85/14
f 114/58/15 111/57/15 109/77/15 113/59/15
f 118/86/15 116/87/15 117/88/15 120/89/15
f 120/85/14 117/84/14 115/90/14 119/91/14
f 124/92/13 122/93/13 123/94/13 126/95/13
f 126/89/12 123/88/12 121/96/12 125/97/12
f 130/98/12 128/99/12 129/100/12 132/101/12
f 132/95/13 129/94/13 127/102/13 131/103/13
f 136/104/13 134/105/13 135/106/13 138/107/13
f 138/101/12 135/100/12 133/108/12 137/109/12
f 142/110/12 140/111/12 141/33/12 144/34/12
f 144/107/13 141/106/13 139/112/13 143/113/13
f 148/114/9 146/115/9 147/116/9 150/117/9
f 150/6/8 147/5/8 145/118/8 149/119/8
f 154/120/8 152/121/8 153/122/8 156/123/8
f 156/117/9 153/116/9 151/124/9 155/125/9
f 160/126/16 158/127/16 159/128/16 162/129/16
f 162/129/17 159/128/17 157/130/17 161/131/17
f 166/132/17 164/133/17 165/134/17 168/135/17
f 168/135/18 165/134/18 163/136/18 167/137/18
f 172/138/19 170/139/19 171/140/19 174/141/19
f 174/31/20 171/32/20 169/142/20 173/143/20
f 178/144/20 176/145/20 177/146/20 180/147/20
f 180/148/19 177/149/19 175/150/19 179/151/19
f 184/152/21 182/153/21 183/154/21 186/155/21
f 186/147/22 183/146/22 181/156/22 185/157/22
f 190/158/22 188/159/22 189/160/22 192/161/22
f 192/162/21 189/163/21 187/164/21 191/165/21
f 196/166/11 194/167/11 195/168/11 198/169/11
f 198/161/10 195/160/10 193/170/10 197/171/10
f 202/172/10 200/173/10 201/174/10 204/175/10
f 204/169/11 201/168/11 199/176/11 203/177/11
f 208/178/23 206/179/23 207/180/23 210/181/23
f 210/181/24 207/180/24 205/182/24 209/183/24
f 214/184/25 212/185/25 213/186/25 216/187/25
f 216/188/26 213/189/26 211/190/26 215/191/26
f 220/192/10 218/193/10 219/194/10 222/195/10
f 222/187/11 219/186/11 217/196/11 221/197/11
f 226/198/11 224/199/11 225/200/11 228/201/11
f 228/195/10 225/194/10 223/202/10 227/203/10
f 232/204/13 230/205/13 231/206/13 234/207/13
f 234/208/12 231/209/12 229/210/12 233/211/12
f 238/212/15 236/213/15 237/209/15 240/208/15
f 240/201/14 237/200/14 235/199/14 239/214/14
f 244/215/9 242/216/9 243/217/9 246/218/9
f 246/72/8 243/73/8 241/74/8 245/75/8
f 250/219/11 248/220/11 249/79/11 252/78/11
f 252/218/10 249/217/10 247/221/10 251/222/10
f 259/223/27 263/78/27 264/78/27 261/79/27
f 261/224/28 264/225/28 262/225/28 260/226/28
f 253/75/13 257/74/13 258/73/13 255/72/13
f 255/225/12 258/224/12 256/227/12 254/228/12
f 268/229/8 266/230/8 267/231/8 270/232/8
f 270/218/9 267/217/9 265/233/9 269/234/9
f 271/235/12 275/236/12 276/224/12 273/225/12
f 273/232/13 276/231/13 274/230/13 272/229/13
f 280/237/10 278/238/10 279/217/10 282/218/10
f 282/239/11 279/240/11 277/241/11 281/242/11
f 283/243/15 287/244/15 288/225/15 285/224/15
f 285/240/14 288/239/14 286/242/14 284/241/14
f 292/245/1 290/100/1 291/100/1 294/101/1
f 294/246/1 291/247/1 289/248/1 293/249/1
f 298/250/5 296/251/5 297/247/5 300/246/5
f 300/252/5 297/253/5 295/254/5 299/255/5
f 301/256/13 305/257/13 306/7/13 303/8/13
f 303/253/12 306/252/12 304/258/12 302/259/12
f 307/260/29 311/261/29 312/262/29 309/263/29
f 309/264/30 312/265/30 310/266/30 308/267/30
f 313/268/31 317/269/31 318/270/31 315/271/31
f 315/272/32 318/273/32 316/274/32 314/275/32
f 319/276/33 323/277/33 324/278/33 321/279/33
f 321/279/34 324/278/34 322/280/34 320/281/34
f 325/282/35 329/283/35 330/284/35 327/285/35
f 327/285/36 330/284/36 328/286/36 326/287/36
f 334/288/10 332/289/10 333/290/10 336/291/10
f 336/292/11 333/293/11 331/294/11 335/295/11
f 337/296/15 341/297/15 342/298/15 339/299/15
f 339/293/14 342/292/14 340/295/14 338/294/14
f 346/300/13 353/301/13 354/302/13 348/303/13
f 348/299/12 354/298/12 352/304/12 347/305/12
f 349/301/8 344/300/8 345/303/8 351/302/8
f 351/291/9 345/290/9 343/306/9 350/307/9
f 358/308/11 356/309/11 357/240/11 360/239/11
f 360/310/10 357/311/10 355/312/10 359/313/10
f 364/314/9 362/315/9 363/311/9 366/310/9
f 366/302/8 363/303/8 361/316/8 365/317/8
f 367/309/14 371/308/14 372/239/14 369/240/14
f 369/318/15 372/319/15 370/320/15 368/321/15
f 373/321/12 377/320/12 378/319/12 375/318/12
f 375/303/13 378/302/13 376/317/13 374/316/13
f 379/322/37 383/323/37 384/324/37 381/325/37
f 381/326/38 384/327/38 382/328/38 380/329/38
f 385/330/39 389/331/39 390/332/39 387/333/39
f 387/334/40 390/335/40 388/336/40 386/337/40
f 394/338/41 392/339/41 393/340/41 396/341/41
f 396/342/42 393/343/42 391/344/42 395/345/42
f 397/346/43 401/347/43 402/348/43 399/349/43
f 399/350/44 402/351/44 400/352/44 398/353/44
f 403/354/45 407/355/45 408/356/45 405/357/45
f 405/358/46 408/359/46 406/360/46 404/361/46
f 412/362/42 410/363/42 411/364/42 414/365/42
f 414/366/41 411/367/41 409/368/41 413/369/41
f 415/370/47 419/371/47 420/372/47 417/373/47
f 417/374/48 420/375/48 418/376/48 416/377/48
f 421/378/44 425/379/44 426/380/44 423/381/44
f 423/382/43 426/383/43 424/384/43 422/385/43
f 457/386/11 461/387/11 462/18/11 459/17/11
f 459/388/10 462/389/10 460/390/10 458/391/10
f 430/392/49 428/393/49 429/394/49 432/395/49
f 432/396/50 429/397/50 427/398/50 431/399/50
f 433/400/51 437/401/51 438/402/51 435/403/51
f 435/404/52 438/405/52 436/406/52 434/407/52
f 442/408/53 440/409/53 441/410/53 444/411/53
f 444/388/54 441/389/54 439/412/54 443/413/54
f 445/414/14 449/415/14 450/416/14 447/417/14
f 447/403/15 450/402/15 448/418/15 446/419/15
f 454/420/10 452/421/10 453/389/10 456/388/10
f 456/417/11 453/416/11 451/422/11 455/423/11
f 463/424/9 467/425/9 468/389/9 465/388/9
f 465/16/8 468/15/8 466/426/8 464/427/8
f 469/428/15 473/429/15 474/430/15 471/431/15
f 471/17/14 474/18/14 472/387/14 470/432/14
f 475/427/13 479/433/13 480/15/13 477/16/13
f 477/431/12 480/430/12 478/434/12 476/428/12
f 481/435/12 485/436/12 486/437/12 483/431/12
f 483/438/13 486/439/13 484/440/13 482/441/13
f 487/442/8 491/443/8 492/439/8 489/438/8
f 489/444/9 492/445/9 490/446/9 488/447/9
f 493/448/14 497/449/14 498/450/14 495/451/14
f 495/431/15 498/430/15 496/452/15 494/453/15
f 499/454/10 503/455/10 504/456/10 501/444/10
f 501/451/11 504/450/11 502/449/11 500/457/11
f 508/458/14 506/459/14 507/22/14 510/21/14
f 510/402/15 507/403/15 505/460/15 509/461/15
f 514/461/12 512/460/12 513/403/12 516/402/12
f 516/20/13 513/19/13 511/462/13 515/463/13
f 520/464/10 518/465/10 519/466/10 522/467/10
f 522/21/11 519/22/11 517/468/11 521/469/11
f 526/470/8 524/471/8 525/19/8 528/20/8
f 528/467/9 525/466/9 523/465/9 527/464/9
f 532/472/11 530/473/11 531/474/11 534/475/11
f 534/467/10 531/466/10 529/476/10 533/477/10
f 538/478/15 536/479/15 537/480/15 540/481/15
f 540/475/14 537/474/14 535/482/14 539/472/14
f 544/483/9 542/484/9 543/466/9 546/467/9
f 546/485/8 543/486/8 541/487/8 545/488/8
f 550/489/13 548/490/13 549/486/13 552/485/13
f 552/481/12 549/480/12 547/491/12 551/492/12
f 556/493/15 554/494/15 555/26/15 558/25/15
f 558/417/14 555/416/14 553/495/14 557/496/14
f 562/496/11 560/495/11 561/416/11 564/417/11
f 564/24/10 561/23/10 559/497/10 563/498/10
f 568/499/13 566/500/13 567/501/13 570/502/13
f 570/25/12 567/26/12 565/503/12 569/504/12
f 574/505/9 572/506/9 573/23/9 576/24/9
f 576/502/8 573/501/8 571/500/8 575/499/8
f 580/507/55 578/508/55 579/509/55 582/510/55
f 582/511/56 579/512/56 577/513/56 581/514/56
f 586/515/57 584/516/57 585/517/57 588/518/57
f 588/519/58 585/520/58 583/521/58 587/522/58
f 592/523/59 590/524/59 591/525/59 594/526/59
f 594/527/60 591/528/60 589/529/60 593/530/60
f 595/531/61 599/532/61 600/533/61 597/534/61
f 597/535/62 600/536/62 598/537/62 596/538/62
f 604/539/63 602/540/63 603/541/63 606/542/63
f 606/542/64 603/541/64 601/543/64 605/544/64
f 610/545/65 608/546/65 609/501/65 612/502/65
f 612/547/66 609/548/66 607/549/66 611/550/66
f 616/551/67 614/552/67 615/553/67 618/554/67
f 618/510/68 615/509/68 613/555/68 617/556/68
f 619/557/69 623/558/69 624/559/69 621/560/69
f 621/561/70 624/562/70 622/563/70 620/564/70
f 625/565/71 629/566/71 630/567/71 627/568/71
f 627/569/72 630/570/72 628/571/72 626/572/72
f 634/573/73 632/574/73 633/575/73 636/576/73
f 636/576/74 633/575/74 631/577/74 635/578/74
f 637/579/15 641/580/15 642/581/15 639/582/15
f 639/582/10 642/581/10 640/583/10 638/584/10
f 646/585/75 644/586/75 645/587/75 648/588/75
f 648/588/76 645/587/76 643/589/76 647/590/76
f 649/591/77 653/592/77 654/593/77 651/594/77
f 651/595/78 654/596/78 652/596/78 650/595/78
f 658/597/11 656/598/11 657/599/11 660/600/11
f 660/252/10 657/253/10 655/601/10 659/602/10
f 664/603/27 662/604/27 663/604/27 666/605/27
f 666/252/28 663/253/28 661/253/28 665/606/28
f 673/263/79 668/262/79 669/607/79 675/608/79
f 675/608/80 669/607/80 667/609/80 674/610/80
f 670/611/81 677/612/81 678/613/81 672/614/81
f 672/614/82 678/613/82 676/615/82 671/272/82
f 688/616/15 686/617/15 687/618/15 690/619/15
f 690/600/14 687/599/14 685/620/14 689/621/14
f 682/622/13 680/623/13 681/604/13 684/605/13
f 684/619/12 681/618/12 679/624/12 683/625/12
f 694/626/12 692/627/12 693/34/12 696/33/12
f 696/628/13 693/629/13 691/630/13 695/631/13
f 700/632/83 698/34/83 699/34/83 702/33/83
f 702/633/84 699/634/84 697/634/84 701/633/84
f 712/635/13 707/636/13 708/634/13 714/633/13
f 714/36/12 708/35/12 706/637/12 713/638/12
f 709/639/84 704/35/84 705/35/84 711/36/84
f 711/628/83 705/629/83 703/629/83 710/631/83
f 715/640/8 719/641/8 720/73/8 717/72/8
f 717/642/9 720/643/9 718/644/9 716/645/9
f 721/645/10 725/644/10 726/643/10 723/642/10
f 723/78/11 726/79/11 724/646/11 722/647/11
f 727/648/13 734/113/13 735/107/13 729/106/13
f 729/649/12 735/650/12 733/651/12 728/652/12
f 730/653/9 737/654/9 738/655/9 732/656/9
f 732/106/8 738/107/8 736/657/8 731/658/8
f 739/659/15 746/660/15 747/650/15 741/649/15
f 741/42/14 747/41/14 745/661/14 740/662/14
f 742/663/85 749/655/85 750/655/85 744/656/85
f 744/42/86 750/41/86 748/41/86 743/42/86
f 754/664/87 752/101/87 753/101/87 756/100/87
f 756/42/88 753/41/88 751/41/88 755/665/88
f 757/99/10 767/666/10 768/101/10 759/100/10
f 759/46/11 768/45/11 766/667/11 758/668/11
f 760/669/8 764/670/8 765/44/8 762/43/8
f 762/100/9 765/101/9 763/666/9 761/99/9
f 769/671/14 779/672/14 780/45/14 771/46/14
f 771/673/15 780/674/15 778/675/15 770/676/15
f 772/676/12 776/675/12 777/674/12 774/673/12
f 774/43/13 777/44/13 775/677/13 773/678/13
f 781/679/13 785/680/13 786/681/13 783/682/13
f 783/673/12 786/683/12 784/684/12 782/685/12
f 787/686/9 791/687/9 792/688/9 789/689/9
f 789/682/8 792/681/8 790/690/8 788/691/8
f 793/692/15 797/693/15 798/674/15 795/673/15
f 795/694/14 798/695/14 796/696/14 794/697/14
f 799/698/11 803/699/11 804/695/11 801/694/11
f 801/689/10 804/700/10 802/701/10 800/702/10
f 73/55/1 7/206/1 8/207/1 77/56/1
f 83/54/7 79/53/7 74/60/7 76/59/7
f 80/48/1 82/47/1 89/66/1 85/65/1
f 86/62/5 88/61/5 95/70/5 91/69/5
f 92/68/1 94/67/1 101/75/1 97/74/1
f 98/71/7 100/59/7 254/228/7 256/227/7
f 107/81/4 103/80/4 110/83/4 112/82/4
f 106/76/7 263/703/7 260/226/7 104/77/7
f 113/59/5 109/77/5 116/87/5 118/86/5
f 119/91/4 115/90/4 122/93/4 124/92/4
f 125/97/7 121/96/7 128/99/7 130/98/7
f 131/103/4 127/102/4 134/105/4 136/104/4
f 137/109/7 133/108/7 728/652/7 733/651/7
f 737/654/7 730/653/7 140/111/7 142/110/7
f 143/113/4 139/112/4 67/42/4 68/41/4
f 149/119/1 145/118/1 152/121/1 154/120/1
f 2/34/7 1/33/7 146/115/7 148/114/7
f 155/125/7 151/124/7 158/127/7 160/126/7
f 161/131/89 157/130/89 164/133/89 166/132/89
f 167/137/7 163/136/7 3/32/7 4/31/7
f 173/143/90 169/142/90 176/145/90 178/144/90
f 4/704/1 3/705/1 170/139/1 172/138/1
f 179/151/1 175/150/1 182/153/1 184/152/1
f 185/157/91 181/156/91 188/159/91 190/158/91
f 191/165/1 187/164/1 5/706/1 6/707/1
f 197/171/5 193/170/5 200/173/5 202/172/5
f 6/707/1 5/706/1 194/167/1 196/166/1
f 203/177/1 199/176/1 206/179/1 208/178/1
f 209/183/92 205/182/92 212/185/92 214/184/92
f 215/191/5 211/190/5 218/193/5 220/192/5
f 221/197/1 217/196/1 224/199/1 226/198/1
f 227/203/5 223/202/5 11/708/5 12/709/5
f 230/205/4 232/204/4 239/214/4 235/199/4
f 9/57/7 10/58/7 233/211/7 229/210/7
f 12/709/5 11/708/5 236/213/5 238/212/5
f 245/75/1 241/74/1 266/230/1 268/229/1
f 242/216/7 244/215/7 716/645/7 718/644/7
f 251/222/5 247/221/5 725/644/5 721/645/5
f 248/220/1 250/219/1 281/242/1 277/241/1
f 257/74/4 253/75/4 272/229/4 274/230/4
f 262/78/4 259/223/4 284/241/4 286/242/4
f 275/236/7 271/235/7 269/234/7 265/233/7
f 278/238/5 280/237/5 359/313/5 355/312/5
f 287/244/5 283/243/5 368/321/5 370/320/5
f 758/668/1 766/667/1 293/249/1 289/248/1
f 15/33/7 16/34/7 292/245/7 290/100/7
f 298/250/1 296/251/1 21/263/1 22/262/1
f 299/255/5 295/254/5 60/39/5 59/40/5
f 302/259/7 304/258/7 62/37/7 61/38/7
f 305/257/4 301/256/4 23/272/4 24/273/4
f 311/261/93 307/260/93 31/710/93 32/711/93
f 22/252/7 21/253/7 308/267/7 310/266/7
f 314/275/94 316/274/94 57/712/94 58/713/94
f 23/253/5 24/252/5 317/269/5 313/268/5
f 320/281/95 322/280/95 419/371/95 415/370/95
f 25/714/96 26/715/96 323/277/96 319/276/96
f 329/283/97 325/282/97 635/578/97 631/577/97
f 58/713/94 57/712/94 326/287/94 328/286/94
f 344/300/1 349/301/1 335/295/1 331/294/1
f 341/297/5 337/296/5 332/289/5 334/288/5
f 353/301/4 346/300/4 338/294/4 340/295/4
f 350/307/7 343/306/7 362/315/7 364/314/7
f 347/305/7 352/304/7 377/320/7 373/321/7
f 356/309/1 358/308/1 365/317/1 361/316/1
f 371/308/4 367/309/4 374/316/4 376/317/4
f 401/347/98 397/346/98 383/323/98 379/322/98
f 389/331/93 385/330/93 380/329/93 382/328/93
f 392/339/99 394/338/99 386/337/99 388/336/99
f 395/345/100 391/344/100 410/363/100 412/362/100
f 398/353/100 400/352/100 425/379/100 421/378/100
f 32/711/95 31/710/95 404/361/95 406/360/95
f 407/355/99 403/354/99 413/369/99 409/368/99
f 416/377/98 418/376/98 422/385/98 424/384/98
f 26/715/101 25/714/101 431/399/101 427/398/101
f 428/393/102 430/392/102 443/413/102 439/412/102
f 434/407/4 436/406/4 515/463/4 511/462/4
f 27/12/103 28/11/103 437/401/103 433/400/103
f 440/409/1 442/408/1 464/427/1 466/426/1
f 506/459/4 508/458/4 449/415/4 445/414/4
f 554/494/5 556/493/5 446/419/5 448/418/5
f 461/387/1 457/386/1 455/423/1 451/422/1
f 452/421/5 454/420/5 563/498/5 559/497/5
f 458/391/5 460/390/5 473/429/5 469/428/5
f 467/425/7 463/424/7 476/428/7 478/434/7
f 470/432/4 472/387/4 497/449/4 493/448/4
f 479/433/4 475/427/4 482/441/4 484/440/4
f 485/436/7 481/435/7 488/447/7 490/446/7
f 35/16/1 36/15/1 491/443/1 487/442/1
f 494/453/5 496/452/5 503/455/5 499/454/5
f 34/18/1 33/17/1 500/457/1 502/449/1
f 509/461/5 505/460/5 518/465/5 520/464/5
f 512/460/7 514/461/7 527/464/7 523/465/7
f 521/469/1 517/468/1 530/473/1 532/472/1
f 524/471/1 526/470/1 545/488/1 541/487/1
f 533/477/5 529/476/5 536/479/5 538/478/5
f 37/22/4 38/21/4 539/472/4 535/482/4
f 542/484/7 544/483/7 551/492/7 547/491/7
f 40/20/4 39/19/4 548/490/4 550/489/4
f 557/496/4 553/495/4 566/500/4 568/499/4
f 560/495/1 562/496/1 575/499/1 571/500/1
f 569/504/7 565/503/7 45/512/7 46/511/7
f 572/506/7 574/505/7 611/550/7 607/549/7
f 578/508/6 580/507/6 50/28/6 49/27/6
f 41/26/5 42/25/5 581/514/5 577/513/5
f 587/522/104 583/521/104 52/716/104 51/717/104
f 599/532/105 595/531/105 584/516/105 586/515/105
f 47/30/6 48/29/6 593/530/6 589/529/6
f 51/717/106 52/716/106 590/524/106 592/523/106
f 602/540/107 604/539/107 596/538/107 598/537/107
f 46/511/108 45/512/108 605/544/108 601/543/108
f 608/546/109 610/545/109 620/564/109 622/563/109
f 617/556/110 613/555/110 53/718/110 54/719/110
f 44/24/5 43/23/5 614/552/5 616/551/5
f 623/558/111 619/557/111 626/572/111 628/571/111
f 629/566/112 625/565/112 54/719/112 53/718/112
f 632/574/113 634/573/113 647/590/113 643/589/113
f 638/584/114 640/583/114 653/720/114 650/595/114
f 29/721/115 30/722/115 641/580/115 637/579/115
f 644/586/116 646/585/116 57/712/116 58/713/116
f 652/593/117 649/591/117 55/13/117 56/14/117
f 22/262/1 21/263/1 656/598/1 658/597/1
f 659/602/5 655/601/5 686/617/5 688/616/5
f 24/273/4 23/272/4 661/604/4 664/603/4
f 662/259/7 665/606/7 683/625/7 679/624/7
f 674/610/118 668/262/118 59/246/118 60/247/118
f 673/263/4 667/609/4 689/621/4 685/620/4
f 61/8/119 62/7/119 677/612/119 671/272/119
f 680/623/4 682/622/4 676/615/4 670/611/4
f 20/7/4 18/8/4 695/631/4 691/630/4
f 692/627/7 694/626/7 709/639/7 703/723/7
f 698/724/4 701/633/4 15/247/4 16/246/4
f 706/637/7 697/34/7 700/632/7 713/638/7
f 64/7/4 66/8/4 710/631/4 704/629/4
f 707/636/4 712/635/4 63/247/4 65/246/4
f 719/641/1 715/640/1 722/647/1 724/646/1
f 734/113/4 727/648/4 740/662/4 745/661/4
f 731/658/1 736/657/1 749/725/1 743/42/1
f 746/660/5 739/659/5 754/664/5 751/726/5
f 748/655/7 742/663/7 67/33/7 68/34/7
f 755/665/1 752/41/1 14/2/1 13/1/1
f 767/666/5 757/99/5 770/676/5 778/675/5
f 17/4/1 19/3/1 764/670/1 760/669/1
f 761/99/7 763/666/7 776/675/7 772/676/7
f 779/672/4 769/671/4 794/697/4 796/696/4
f 773/678/4 775/677/4 785/680/4 781/679/4
f 782/685/7 784/684/7 791/687/7 787/686/7
f 71/44/1 70/43/1 788/691/1 790/690/1
f 797/693/5 793/692/5 800/702/5 802/701/5
f 69/46/1 72/45/1 803/699/1 799/698/1
f 817/1/4 821/4/4 823/3/4 818/2/4
f 805/5/4 822/8/4 824/7/4 806/6/4
f 834/9/120 831/12/120 832/11/120 833/10/120
f 859/13/121 833/10/121 834/9/121 860/14/121
f 840/15/4 838/18/4 837/17/4 839/16/4
f 843/19/1 841/22/1 842/21/1 844/20/1
f 847/23/7 845/26/7 846/25/7 848/24/7
f 853/27/122 851/30/122 852/29/122 854/28/122
f 808/31/123 859/13/123 860/14/123 807/32/123
f 822/33/124 870/36/124 868/35/124 824/34/124
f 820/34/5 869/35/5 867/36/5 819/33/5
f 870/36/125 865/38/125 866/37/125 868/35/125
f 869/35/126 863/40/126 864/39/126 867/36/126
f 872/41/127 806/6/127 805/5/127 871/42/127
f 874/43/4 873/46/4 876/45/4 875/44/4
f 886/47/128 888/50/128 885/49/128 884/48/128
f 888/51/129 887/54/129 883/53/129 885/52/129
f 877/55/130 879/49/130 882/50/130 881/56/130
f 879/57/131 878/60/131 880/59/131 882/58/131
f 892/61/132 894/51/132 891/52/132 890/62/132
f 894/63/133 893/66/133 889/65/133 891/64/133
f 898/67/134 900/63/134 897/64/134 896/68/134
f 900/58/135 899/70/135 895/69/135 897/57/135
f 904/59/136 906/58/136 903/57/136 902/71/136
f 906/72/137 905/75/137 901/74/137 903/73/137
f 910/76/138 912/58/138 909/57/138 908/77/138
f 912/78/139 911/81/139 907/80/139 909/79/139
f 916/82/140 918/85/140 915/84/140 914/83/140
f 918/58/141 917/59/141 913/77/141 915/57/141
f 922/86/142 924/89/142 921/88/142 920/87/142
f 924/85/143 923/91/143 919/90/143 921/84/143
f 928/92/144 930/95/144 927/94/144 926/93/144
f 930/89/145 929/97/145 925/96/145 927/88/145
f 934/98/138 936/101/138 933/100/138 932/99/138
f 936/95/139 935/103/139 931/102/139 933/94/139
f 940/104/144 942/107/144 939/106/144 938/105/144
f 942/101/145 941/109/145 937/108/145 939/100/145
f 946/110/138 948/34/138 945/33/138 944/111/138
f 948/107/146 947/113/146 943/112/146 945/106/146
f 952/114/136 954/117/136 951/116/136 950/115/136
f 954/6/147 953/119/147 949/118/147 951/5/147
f 958/120/128 960/123/128 957/122/128 956/121/128
f 960/117/129 959/125/129 955/124/129 957/116/129
f 964/126/148 966/129/148 963/128/148 962/127/148
f 966/129/149 965/131/149 961/130/149 963/128/149
f 970/132/150 972/135/150 969/134/150 968/133/150
f 972/135/151 971/137/151 967/136/151 969/134/151
f 976/138/152 978/141/152 975/140/152 974/139/152
f 978/31/153 977/143/153 973/142/153 975/32/153
f 982/144/154 984/147/154 981/146/154 980/145/154
f 984/148/155 983/151/155 979/150/155 981/149/155
f 988/152/156 990/155/156 987/154/156 986/153/156
f 990/147/157 989/157/157 985/156/157 987/146/157
f 994/158/158 996/161/158 993/160/158 992/159/158
f 996/162/159 995/165/159 991/164/159 993/163/159
f 1000/166/160 1002/169/160 999/168/160 998/167/160
f 1002/161/135 1001/171/135 997/170/135 999/160/135
f 1006/172/132 1008/175/132 1005/174/132 1004/173/132
f 1008/169/133 1007/177/133 1003/176/133 1005/168/133
f 1012/178/161 1014/181/161 1011/180/161 1010/179/161
f 1014/181/162 1013/183/162 1009/182/162 1011/180/162
f 1018/184/163 1020/187/163 1017/186/163 1016/185/163
f 1020/188/164 1019/191/164 1015/190/164 1017/189/164
f 1024/192/132 1026/195/132 1023/194/132 1022/193/132
f 1026/187/133 1025/197/133 1021/196/133 1023/186/133
f 1030/198/134 1032/201/134 1029/200/134 1028/199/134
f 1032/195/165 1031/203/165 1027/202/165 1029/194/165
f 1036/204/166 1038/207/166 1035/206/166 1034/205/166
f 1038/208/167 1037/211/167 1033/210/167 1035/209/167
f 1042/212/168 1044/208/168 1041/209/168 1040/213/168
f 1044/201/169 1043/214/169 1039/199/169 1041/200/169
f 1048/215/136 1050/218/136 1047/217/136 1046/216/136
f 1050/72/137 1049/75/137 1045/74/137 1047/73/137
f 1054/219/134 1056/78/134 1053/79/134 1052/220/134
f 1056/218/135 1055/222/135 1051/221/135 1053/217/135
f 1063/223/170 1065/79/170 1068/78/170 1067/78/170
f 1065/224/171 1064/226/171 1066/225/171 1068/225/171
f 1057/75/144 1059/72/144 1062/73/144 1061/74/144
f 1059/225/145 1058/228/145 1060/227/145 1062/224/145
f 1072/229/128 1074/232/128 1071/231/128 1070/230/128
f 1074/218/129 1073/234/129 1069/233/129 1071/217/129
f 1075/235/138 1077/225/138 1080/224/138 1079/236/138
f 1077/232/139 1076/229/139 1078/230/139 1080/231/139
f 1084/237/132 1086/218/132 1083/217/132 1082/238/132
f 1086/239/133 1085/242/133 1081/241/133 1083/240/133
f 1087/243/141 1089/224/141 1092/225/141 1091/244/141
f 1089/240/140 1088/241/140 1090/242/140 1092/239/140
f 1096/245/172 1098/101/172 1095/100/172 1094/100/172
f 1098/246/4 1097/249/4 1093/248/4 1095/247/4
f 1102/250/173 1104/246/173 1101/247/173 1100/251/173
f 1104/252/7 1103/255/7 1099/254/7 1101/253/7
f 1105/256/139 1107/8/139 1110/7/139 1109/257/139
f 1107/253/138 1106/259/138 1108/258/138 1110/252/138
f 1111/260/174 1113/263/174 1116/262/174 1115/261/174
f 1113/264/175 1112/267/175 1114/266/175 1116/265/175
f 1117/268/176 1119/271/176 1122/270/176 1121/269/176
f 1119/272/177 1118/275/177 1120/274/177 1122/273/177
f 1123/276/178 1125/279/178 1128/278/178 1127/277/178
f 1125/279/179 1124/281/179 1126/280/179 1128/278/179
f 1129/282/180 1131/285/180 1134/284/180 1133/283/180
f 1131/285/181 1130/287/181 1132/286/181 1134/284/181
f 1138/288/132 1140/291/132 1137/290/132 1136/289/132
f 1140/292/133 1139/295/133 1135/294/133 1137/293/133
f 1141/296/141 1143/299/141 1146/298/141 1145/297/141
f 1143/293/140 1142/294/140 1144/295/140 1146/292/140
f 1150/300/139 1152/303/139 1158/302/139 1157/301/139
f 1152/299/138 1151/305/138 1156/304/138 1158/298/138
f 1153/301/128 1155/302/128 1149/303/128 1148/300/128
f 1155/291/129 1154/307/129 1147/306/129 1149/290/129
f 1162/308/160 1164/239/160 1161/240/160 1160/309/160
f 1164/310/135 1163/313/135 1159/312/135 1161/311/135
f 1168/314/136 1170/310/136 1167/311/136 1166/315/136
f 1170/302/147 1169/317/147 1165/316/147 1167/303/147
f 1171/309/143 1173/240/143 1176/239/143 1175/308/143
f 1173/318/142 1172/321/142 1174/320/142 1176/319/142
f 1177/321/145 1179/318/145 1182/319/145 1181/320/145
f 1179/303/182 1178/316/182 1180/317/182 1182/302/182
f 1183/322/183 1185/325/183 1188/324/183 1187/323/183
f 1185/326/184 1184/329/184 1186/328/184 1188/327/184
f 1189/330/185 1191/333/185 1194/332/185 1193/331/185
f 1191/334/186 1190/337/186 1192/336/186 1194/335/186
f 1198/338/187 1200/341/187 1197/340/187 1196/339/187
f 1200/342/188 1199/345/188 1195/344/188 1197/343/188
f 1201/346/189 1203/349/189 1206/348/189 1205/347/189
f 1203/350/190 1202/353/190 1204/352/190 1206/351/190
f 1207/354/191 1209/357/191 1212/356/191 1211/355/191
f 1209/358/192 1208/361/192 1210/360/192 1212/359/192
f 1216/362/193 1218/365/193 1215/364/193 1214/363/193
f 1218/366/194 1217/369/194 1213/368/194 1215/367/194
f 1219/370/195 1221/373/195 1224/372/195 1223/371/195
f 1221/374/196 1220/377/196 1222/376/196 1224/375/196
f 1225/378/197 1227/381/197 1230/380/197 1229/379/197
f 1227/382/198 1226/385/198 1228/384/198 1230/383/198
f 1261/386/133 1263/17/133 1266/18/133 1265/387/133
f 1263/388/132 1262/391/132 1264/390/132 1266/389/132
f 1234/392/199 1236/395/199 1233/394/199 1232/393/199
f 1236/396/200 1235/399/200 1231/398/200 1233/397/200
f 1237/400/201 1239/403/201 1242/402/201 1241/401/201
f 1239/404/202 1238/407/202 1240/406/202 1242/405/202
f 1246/408/203 1248/411/203 1245/410/203 1244/409/203
f 1248/388/204 1247/413/204 1243/412/204 1245/389/204
f 1249/414/169 1251/417/169 1254/416/169 1253/415/169
f 1251/403/142 1250/419/142 1252/418/142 1254/402/142
f 1258/420/135 1260/388/135 1257/389/135 1256/421/135
f 1260/417/134 1259/423/134 1255/422/134 1257/416/134
f 1267/424/129 1269/388/129 1272/389/129 1271/425/129
f 1269/16/128 1268/427/128 1270/426/128 1272/15/128
f 1273/428/141 1275/431/141 1278/430/141 1277/429/141
f 1275/17/140 1274/432/140 1276/387/140 1278/18/140
f 1279/427/139 1281/16/139 1284/15/139 1283/433/139
f 1281/431/138 1280/428/138 1282/434/138 1284/430/138
f 1285/435/145 1287/431/145 1290/437/145 1289/436/145
f 1287/438/182 1286/441/182 1288/440/182 1290/439/182
f 1291/442/147 1293/438/147 1296/439/147 1295/443/147
f 1293/444/136 1292/447/136 1294/446/136 1296/445/136
f 1297/448/169 1299/451/169 1302/450/169 1301/449/169
f 1299/431/142 1298/453/142 1300/452/142 1302/430/142
f 1303/454/135 1305/444/135 1308/456/135 1307/455/135
f 1305/451/134 1304/457/134 1306/449/134 1308/450/134
f 1312/458/140 1314/21/140 1311/22/140 1310/459/140
f 1314/402/141 1313/461/141 1309/460/141 1311/403/141
f 1318/461/138 1320/402/138 1317/403/138 1316/460/138
f 1320/20/139 1319/463/139 1315/462/139 1317/19/139
f 1324/464/132 1326/467/132 1323/466/132 1322/465/132
f 1326/21/133 1325/469/133 1321/468/133 1323/22/133
f 1330/470/128 1332/20/128 1329/19/128 1328/471/128
f 1332/467/129 1331/464/129 1327/465/129 1329/466/129
f 1336/472/160 1338/475/160 1335/474/160 1334/473/160
f 1338/467/135 1337/477/135 1333/476/135 1335/466/135
f 1342/478/142 1344/481/142 1341/480/142 1340/479/142
f 1344/475/143 1343/472/143 1339/482/143 1341/474/143
f 1348/483/136 1350/467/136 1347/466/136 1346/484/136
f 1350/485/147 1349/488/147 1345/487/147 1347/486/147
f 1354/489/182 1356/485/182 1353/486/182 1352/490/182
f 1356/481/205 1355/492/205 1351/491/205 1353/480/205
f 1360/493/141 1362/25/141 1359/26/141 1358/494/141
f 1362/417/140 1361/496/140 1357/495/140 1359/416/140
f 1366/496/133 1368/417/133 1365/416/133 1364/495/133
f 1368/24/132 1367/498/132 1363/497/132 1365/23/132
f 1372/499/139 1374/502/139 1371/501/139 1370/500/139
f 1374/25/138 1373/504/138 1369/503/138 1371/26/138
f 1378/505/129 1380/24/129 1377/23/129 1376/506/129
f 1380/502/128 1379/499/128 1375/500/128 1377/501/128
f 1384/507/206 1386/510/206 1383/509/206 1382/508/206
f 1386/511/207 1385/514/207 1381/513/207 1383/512/207
f 1390/515/208 1392/518/208 1389/517/208 1388/516/208
f 1392/519/209 1391/522/209 1387/521/209 1389/520/209
f 1396/523/210 1398/526/210 1395/525/210 1394/524/210
f 1398/527/211 1397/530/211 1393/529/211 1395/528/211
f 1399/531/212 1401/534/212 1404/533/212 1403/532/212
f 1401/535/213 1400/538/213 1402/537/213 1404/536/213
f 1408/539/214 1410/542/214 1407/541/214 1406/540/214
f 1410/542/215 1409/544/215 1405/543/215 1407/541/215
f 1414/545/216 1416/502/216 1413/501/216 1412/546/216
f 1416/547/217 1415/550/217 1411/549/217 1413/548/217
f 1420/551/218 1422/554/218 1419/553/218 1418/552/218
f 1422/510/219 1421/556/219 1417/555/219 1419/509/219
f 1423/557/220 1425/560/220 1428/559/220 1427/558/220
f 1425/561/221 1424/564/221 1426/563/221 1428/562/221
f 1429/565/222 1431/568/222 1434/567/222 1433/566/222
f 1431/569/223 1430/572/223 1432/571/223 1434/570/223
f 1438/573/224 1440/576/224 1437/575/224 1436/574/224
f 1440/576/225 1439/578/225 1435/577/225 1437/575/225
f 1441/579/226 1443/582/226 1446/581/226 1445/580/226
f 1443/582/227 1442/584/227 1444/583/227 1446/581/227
f 1450/585/228 1452/588/228 1449/587/228 1448/586/228
f 1452/588/229 1451/590/229 1447/589/229 1449/587/229
f 1453/591/230 1455/594/230 1458/593/230 1457/592/230
f 1455/595/231 1454/595/231 1456/596/231 1458/596/231
f 1462/597/232 1464/600/232 1461/599/232 1460/598/232
f 1464/252/165 1463/602/165 1459/601/165 1461/253/165
f 1468/603/233 1470/605/233 1467/604/233 1466/604/233
f 1470/252/234 1469/606/234 1465/253/234 1467/253/234
f 1477/263/235 1479/608/235 1473/607/235 1472/262/235
f 1479/608/236 1478/610/236 1471/609/236 1473/607/236
f 1474/611/237 1476/614/237 1482/613/237 1481/612/237
f 1476/614/238 1475/272/238 1480/615/238 1482/613/238
f 1492/616/168 1494/619/168 1491/618/168 1490/617/168
f 1494/600/239 1493/621/239 1489/620/239 1491/599/239
f 1486/622/182 1488/605/182 1485/604/182 1484/623/182
f 1488/619/145 1487/625/145 1483/624/145 1485/618/145
f 1498/626/205 1500/33/205 1497/34/205 1496/627/205
f 1500/628/182 1499/631/182 1495/630/182 1497/629/182
f 1504/632/240 1506/33/240 1503/34/240 1502/34/240
f 1506/633/241 1505/633/241 1501/634/241 1503/634/241
f 1516/635/139 1518/633/139 1512/634/139 1511/636/139
f 1518/36/138 1517/638/138 1510/637/138 1512/35/138
f 1513/639/242 1515/36/242 1509/35/242 1508/35/242
f 1515/628/243 1514/631/243 1507/629/243 1509/629/243
f 1519/640/244 1521/72/244 1524/73/244 1523/641/244
f 1521/642/129 1520/645/129 1522/644/129 1524/643/129
f 1525/645/132 1527/642/132 1530/643/132 1529/644/132
f 1527/78/133 1526/647/133 1528/646/133 1530/79/133
f 1531/648/146 1533/106/146 1539/107/146 1538/113/146
f 1533/649/138 1532/652/138 1537/651/138 1539/650/138
f 1534/653/129 1536/656/129 1542/655/129 1541/654/129
f 1536/106/244 1535/658/244 1540/657/244 1542/107/244
f 1543/659/141 1545/649/141 1551/650/141 1550/660/141
f 1545/42/140 1544/662/140 1549/661/140 1551/41/140
f 1546/663/245 1548/656/245 1554/655/245 1553/655/245
f 1548/42/246 1547/42/246 1552/41/246 1554/41/246
f 1558/664/247 1560/100/247 1557/101/247 1556/101/247
f 1560/42/248 1559/665/248 1555/41/248 1557/41/248
f 1561/99/165 1563/100/165 1572/101/165 1571/666/165
f 1563/46/232 1562/668/232 1570/667/232 1572/45/232
f 1564/669/130 1566/43/130 1569/44/130 1568/670/130
f 1566/100/131 1565/99/131 1567/666/131 1569/101/131
f 1573/671/239 1575/46/239 1584/45/239 1583/672/239
f 1575/673/168 1574/676/168 1582/675/168 1584/674/168
f 1576/676/167 1578/673/167 1581/674/167 1580/675/167
f 1578/43/166 1577/678/166 1579/677/166 1581/44/166
f 1585/679/139 1587/682/139 1590/681/139 1589/680/139
f 1587/673/138 1586/685/138 1588/684/138 1590/683/138
f 1591/686/129 1593/689/129 1596/688/129 1595/687/129
f 1593/682/128 1592/691/128 1594/690/128 1596/681/128
f 1597/692/249 1599/673/249 1602/674/249 1601/693/249
f 1599/694/140 1598/697/140 1600/696/140 1602/695/140
f 1603/698/133 1605/694/133 1608/695/133 1607/699/133
f 1605/689/250 1604/702/250 1606/701/250 1608/700/250
f 877/55/251 881/56/251 812/207/251 811/206/251
f 887/54/5 880/59/5 878/60/5 883/53/5
f 884/48/4 889/65/4 893/66/4 886/47/4
f 890/62/7 895/69/7 899/70/7 892/61/7
f 896/68/4 901/74/4 905/75/4 898/67/4
f 902/71/5 1060/227/5 1058/228/5 904/59/5
f 911/81/1 916/82/1 914/83/1 907/80/1
f 910/76/252 908/77/252 1064/226/252 1067/703/252
f 917/59/7 922/86/7 920/87/7 913/77/7
f 923/91/1 928/92/1 926/93/1 919/90/1
f 929/97/5 934/98/5 932/99/5 925/96/5
f 935/103/1 940/104/1 938/105/1 931/102/1
f 941/109/5 1537/651/5 1532/652/5 937/108/5
f 1541/654/5 946/110/5 944/111/5 1534/653/5
f 947/113/253 872/41/253 871/42/253 943/112/253
f 953/119/4 958/120/4 956/121/4 949/118/4
f 806/34/254 952/114/254 950/115/254 805/33/254
f 959/125/255 964/126/255 962/127/255 955/124/255
f 965/131/256 970/132/256 968/133/256 961/130/256
f 971/137/257 808/31/257 807/32/257 967/136/257
f 977/143/258 982/144/258 980/145/258 973/142/258
f 808/704/259 976/138/259 974/139/259 807/705/259
f 983/151/4 988/152/4 986/153/4 979/150/4
f 989/157/260 994/158/260 992/159/260 985/156/260
f 995/165/261 810/707/261 809/706/261 991/164/261
f 1001/171/7 1006/172/7 1004/173/7 997/170/7
f 810/707/262 1000/166/262 998/167/262 809/706/262
f 1007/177/263 1012/178/263 1010/179/263 1003/176/263
f 1013/183/264 1018/184/264 1016/185/264 1009/182/264
f 1019/191/265 1024/192/265 1022/193/265 1015/190/265
f 1025/197/4 1030/198/4 1028/199/4 1021/196/4
f 1031/203/266 816/709/266 815/708/266 1027/202/266
f 1034/205/1 1039/199/1 1043/214/1 1036/204/1
f 813/57/267 1033/210/267 1037/211/267 814/58/267
f 816/709/268 1042/212/268 1040/213/268 815/708/268
f 1049/75/4 1072/229/4 1070/230/4 1045/74/4
f 1046/216/5 1522/644/5 1520/645/5 1048/215/5
f 1055/222/7 1525/645/7 1529/644/7 1051/221/7
f 1052/220/4 1081/241/4 1085/242/4 1054/219/4
f 1061/74/1 1078/230/1 1076/229/1 1057/75/1
f 1066/78/269 1090/242/269 1088/241/269 1063/223/269
f 1079/236/5 1069/233/5 1073/234/5 1075/235/5
f 1082/238/7 1159/312/7 1163/313/7 1084/237/7
f 1091/244/7 1174/320/7 1172/321/7 1087/243/7
f 1562/668/270 1093/248/270 1097/249/270 1570/667/270
f 819/33/271 1094/100/271 1096/245/271 820/34/271
f 1102/250/272 826/262/272 825/263/272 1100/251/272
f 1103/255/273 863/40/273 864/39/273 1099/254/273
f 1106/259/274 865/38/274 866/37/274 1108/258/274
f 1109/257/275 828/273/275 827/272/275 1105/256/275
f 1115/261/276 836/711/276 835/710/276 1111/260/276
f 826/252/277 1114/266/277 1112/267/277 825/253/277
f 1118/275/278 862/713/278 861/712/278 1120/274/278
f 827/253/279 1117/268/279 1121/269/279 828/252/279
f 1124/281/280 1219/370/280 1223/371/280 1126/280/280
f 829/714/281 1123/276/281 1127/277/281 830/715/281
f 1133/283/282 1435/577/282 1439/578/282 1129/282/282
f 862/713/283 1132/286/283 1130/287/283 861/712/283
f 1148/300/4 1135/294/4 1139/295/4 1153/301/4
f 1145/297/7 1138/288/7 1136/289/7 1141/296/7
f 1157/301/1 1144/295/1 1142/294/1 1150/300/1
f 1154/307/5 1168/314/5 1166/315/5 1147/306/5
f 1151/305/5 1177/321/5 1181/320/5 1156/304/5
f 1160/309/4 1165/316/4 1169/317/4 1162/308/4
f 1175/308/1 1180/317/1 1178/316/1 1171/309/1
f 1205/347/99 1183/322/99 1187/323/99 1201/346/99
f 1193/331/284 1186/328/284 1184/329/284 1189/330/284
f 1196/339/98 1192/336/98 1190/337/98 1198/338/98
f 1199/345/95 1216/362/95 1214/363/95 1195/344/95
f 1202/353/95 1225/378/95 1229/379/95 1204/352/95
f 836/711/285 1210/360/285 1208/361/285 835/710/285
f 1211/355/98 1213/368/98 1217/369/98 1207/354/98
f 1220/377/99 1228/384/99 1226/385/99 1222/376/99
f 830/715/286 1231/398/286 1235/399/286 829/714/286
f 1232/393/287 1243/412/287 1247/413/287 1234/392/287
f 1238/407/288 1315/462/288 1319/463/288 1240/406/288
f 831/12/289 1237/400/289 1241/401/289 832/11/289
f 1244/409/290 1270/426/290 1268/427/290 1246/408/290
f 1310/459/1 1249/414/1 1253/415/1 1312/458/1
f 1358/494/7 1252/418/7 1250/419/7 1360/493/7
f 1265/387/4 1255/422/4 1259/423/4 1261/386/4
f 1256/421/7 1363/497/7 1367/498/7 1258/420/7
f 1262/391/7 1273/428/7 1277/429/7 1264/390/7
f 1271/425/5 1282/434/5 1280/428/5 1267/424/5
f 1274/432/1 1297/448/1 1301/449/1 1276/387/1
f 1283/433/1 1288/440/1 1286/441/1 1279/427/1
f 1289/436/5 1294/446/5 1292/447/5 1285/435/5
f 839/16/291 1291/442/291 1295/443/291 840/15/291
f 1298/453/7 1303/454/7 1307/455/7 1300/452/7
f 838/18/292 1306/449/292 1304/457/292 837/17/292
f 1313/461/7 1324/464/7 1322/465/7 1309/460/7
f 1316/460/5 1327/465/5 1331/464/5 1318/461/5
f 1325/469/4 1336/472/4 1334/473/4 1321/468/4
f 1328/471/4 1345/487/4 1349/488/4 1330/470/4
f 1337/477/7 1342/478/7 1340/479/7 1333/476/7
f 841/22/293 1339/482/293 1343/472/293 842/21/293
f 1346/484/5 1351/491/5 1355/492/5 1348/483/5
f 844/20/294 1354/489/294 1352/490/294 843/19/294
f 1361/496/1 1372/499/1 1370/500/1 1357/495/1
f 1364/495/4 1375/500/4 1379/499/4 1366/496/4
f 1373/504/295 850/511/295 849/512/295 1369/503/295
f 1376/506/5 1411/549/5 1415/550/5 1378/505/5
f 1382/508/296 853/27/296 854/28/296 1384/507/296
f 845/26/297 1381/513/297 1385/514/297 846/25/297
f 1391/522/298 855/717/298 856/716/298 1387/521/298
f 1403/532/299 1390/515/299 1388/516/299 1399/531/299
f 851/30/300 1393/529/300 1397/530/300 852/29/300
f 855/717/301 1396/523/301 1394/524/301 856/716/301
f 1406/540/302 1402/537/302 1400/538/302 1408/539/302
f 850/511/303 1405/543/303 1409/544/303 849/512/303
f 1412/546/304 1426/563/304 1424/564/304 1414/545/304
f 1421/556/305 858/719/305 857/718/305 1417/555/305
f 848/24/306 1420/551/306 1418/552/306 847/23/306
f 1427/558/307 1432/571/307 1430/572/307 1423/557/307
f 1433/566/308 857/718/308 858/719/308 1429/565/308
f 1436/574/115 1447/589/115 1451/590/115 1438/573/115
f 1442/584/309 1454/595/309 1457/720/309 1444/583/309
f 833/721/310 1441/579/310 1445/580/310 834/722/310
f 1448/586/311 862/713/311 861/712/311 1450/585/311
f 1456/593/312 860/14/312 859/13/312 1453/591/312
f 826/262/313 1462/597/313 1460/598/313 825/263/313
f 1463/602/7 1492/616/7 1490/617/7 1459/601/7
f 828/273/314 1468/603/314 1465/604/314 827/272/314
f 1466/259/315 1483/624/315 1487/625/315 1469/606/315
f 1478/610/316 864/247/316 863/246/316 1472/262/316
f 1477/263/317 1489/620/317 1493/621/317 1471/609/317
f 865/8/318 1475/272/318 1481/612/318 866/7/318
f 1484/623/319 1474/611/319 1480/615/319 1486/622/319
f 824/7/320 1495/630/320 1499/631/320 822/8/320
f 1496/627/321 1507/723/321 1513/639/321 1498/626/321
f 1502/724/322 820/246/322 819/247/322 1505/633/322
f 1510/637/323 1517/638/323 1504/632/323 1501/34/323
f 868/7/324 1508/629/324 1514/631/324 870/8/324
f 1511/636/325 869/246/325 867/247/325 1516/635/325
f 1523/641/4 1528/646/4 1526/647/4 1519/640/4
f 1538/113/1 1549/661/1 1544/662/1 1531/648/1
f 1535/658/326 1547/42/326 1553/725/326 1540/657/326
f 1550/660/327 1555/726/327 1558/664/327 1543/659/327
f 1552/655/328 872/34/328 871/33/328 1546/663/328
f 1559/665/329 817/1/329 818/2/329 1556/41/329
f 1571/666/7 1582/675/7 1574/676/7 1561/99/7
f 821/4/261 1564/669/261 1568/670/261 823/3/261
f 1565/99/5 1576/676/5 1580/675/5 1567/666/5
f 1583/672/1 1600/696/1 1598/697/1 1573/671/1
f 1577/678/1 1585/679/1 1589/680/1 1579/677/1
f 1586/685/5 1591/686/5 1595/687/5 1588/684/5
f 875/44/330 1594/690/330 1592/691/330 874/43/330
f 1601/693/7 1606/701/7 1604/702/7 1597/692/7
f 873/46/331 1603/698/331 1607/699/331 876/45/331
f 1/5/332 67/42/332 871/42/332 805/5/332
f 8/207/5 7/206/5 811/206/5 812/207/5
f 10/58/1 9/57/1 813/57/1 814/58/1
f 13/1/332 17/4/332 821/4/332 817/1/332
f 1/5/332 18/8/332 822/8/332 805/5/332
f 19/3/333 14/2/333 818/2/333 823/3/333
f 20/7/332 2/6/332 806/6/332 824/7/332
f 28/11/333 29/10/333 833/10/333 832/11/333
f 30/9/332 27/12/332 831/12/332 834/9/332
f 55/13/333 29/10/333 833/10/333 859/13/333
f 30/9/332 56/14/332 860/14/332 834/9/332
f 33/17/332 35/16/332 839/16/332 837/17/332
f 36/15/333 34/18/333 838/18/333 840/15/333
f 39/19/332 37/22/332 841/22/332 843/19/332
f 38/21/333 40/20/333 844/20/333 842/21/333
f 43/23/333 41/26/333 845/26/333 847/23/333
f 42/25/332 44/24/332 848/24/332 846/25/332
f 49/27/333 47/30/333 851/30/333 853/27/333
f 48/29/332 50/28/332 854/28/332 852/29/332
f 4/31/333 55/13/333 859/13/333 808/31/333
f 56/14/332 3/32/332 807/32/332 860/14/332
f 64/35/333 20/34/333 824/34/333 868/35/333
f 18/33/332 66/36/332 870/36/332 822/33/332
f 65/35/333 59/40/333 863/40/333 869/35/333
f 60/39/332 63/36/332 867/36/332 864/39/332
f 63/36/332 15/33/332 819/33/332 867/36/332
f 62/37/333 64/35/333 868/35/333 866/37/333
f 16/34/333 65/35/333 869/35/333 820/34/333
f 66/36/332 61/38/332 865/38/332 870/36/332
f 68/41/333 2/6/333 806/6/333 872/41/333
f 70/43/332 69/46/332 873/46/332 874/43/332
f 72/45/333 71/44/333 875/44/333 876/45/333
f 82/47/333 84/50/333 888/50/333 886/47/333
f 81/49/332 80/48/332 884/48/332 885/49/332
f 84/51/333 83/54/333 887/54/333 888/51/333
f 79/53/332 81/52/332 885/52/332 883/53/332
f 73/55/332 75/49/332 879/49/332 877/55/332
f 78/50/333 77/56/333 881/56/333 882/50/333
f 75/57/332 74/60/332 878/60/332 879/57/332
f 76/59/333 78/58/333 882/58/333 880/59/333
f 88/61/333 90/51/333 894/51/333 892/61/333
f 87/52/332 86/62/332 890/62/332 891/52/332
f 90/63/333 89/66/333 893/66/333 894/63/333
f 85/65/332 87/64/332 891/64/332 889/65/332
f 94/67/333 96/63/333 900/63/333 898/67/333
f 93/64/332 92/68/332 896/68/332 897/64/332
f 96/58/333 95/70/333 899/70/333 900/58/333
f 91/69/332 93/57/332 897/57/332 895/69/332
f 100/59/333 102/58/333 906/58/333 904/59/333
f 99/57/332 98/71/332 902/71/332 903/57/332
f 102/72/333 101/75/333 905/75/333 906/72/333
f 97/74/332 99/73/332 903/73/332 901/74/332
f 106/76/333 108/58/333 912/58/333 910/76/333
f 105/57/332 104/77/332 908/77/332 909/57/332
f 108/78/333 107/81/333 911/81/333 912/78/333
f 103/80/332 105/79/332 909/79/332 907/80/332
f 112/82/333 114/85/333 918/85/333 916/82/333
f 111/84/332 110/83/332 914/83/332 915/84/332
f 114/58/333 113/59/333 917/59/333 918/58/333
f 109/77/332 111/57/332 915/57/332 913/77/332
f 118/86/333 120/89/333 924/89/333 922/86/333
f 117/88/332 116/87/332 920/87/332 921/88/332
f 120/85/333 119/91/333 923/91/333 924/85/333
f 115/90/332 117/84/332 921/84/332 919/90/332
f 124/92/333 126/95/333 930/95/333 928/92/333
f 123/94/332 122/93/332 926/93/332 927/94/332
f 126/89/333 125/97/333 929/97/333 930/89/333
f 121/96/332 123/88/332 927/88/332 925/96/332
f 130/98/333 132/101/333 936/101/333 934/98/333
f 129/100/332 128/99/332 932/99/332 933/100/332
f 132/95/333 131/103/333 935/103/333 936/95/333
f 127/102/332 129/94/332 933/94/332 931/102/332
f 136/104/333 138/107/333 942/107/333 940/104/333
f 135/106/332 134/105/332 938/105/332 939/106/332
f 138/101/333 137/109/333 941/109/333 942/101/333
f 133/108/332 135/100/332 939/100/332 937/108/332
f 142/110/333 144/34/333 948/34/333 946/110/333
f 141/33/332 140/111/332 944/111/332 945/33/332
f 144/107/333 143/113/333 947/113/333 948/107/333
f 139/112/332 141/106/332 945/106/332 943/112/332
f 148/114/333 150/117/333 954/117/333 952/114/333
f 147/116/332 146/115/332 950/115/332 951/116/332
f 150/6/333 149/119/333 953/119/333 954/6/333
f 145/118/332 147/5/332 951/5/332 949/118/332
f 154/120/333 156/123/333 960/123/333 958/120/333
f 153/122/332 152/121/332 956/121/332 957/122/332
f 156/117/333 155/125/333 959/125/333 960/117/333
f 151/124/332 153/116/332 957/116/332 955/124/332
f 160/126/333 162/129/333 966/129/333 964/126/333
f 159/128/332 158/127/332 962/127/332 963/128/332
f 162/129/333 161/131/333 965/131/333 966/129/333
f 157/130/332 159/128/332 963/128/332 961/130/332
f 166/132/333 168/135/333 972/135/333 970/132/333
f 165/134/332 164/133/332 968/133/332 969/134/332
f 168/135/333 167/137/333 971/137/333 972/135/333
f 163/136/332 165/134/332 969/134/332 967/136/332
f 172/138/333 174/141/333 978/141/333 976/138/333
f 171/140/332 170/139/332 974/139/332 975/140/332
f 174/31/333 173/143/333 977/143/333 978/31/333
f 169/142/332 171/32/332 975/32/332 973/142/332
f 178/144/333 180/147/333 984/147/333 982/144/333
f 177/146/332 176/145/332 980/145/332 981/146/332
f 180/148/333 179/151/333 983/151/333 984/148/333
f 175/150/332 177/149/332 981/149/332 979/150/332
f 184/152/333 186/155/333 990/155/333 988/152/333
f 183/154/332 182/153/332 986/153/332 987/154/332
f 186/147/333 185/157/333 989/157/333 990/147/333
f 181/156/332 183/146/332 987/146/332 985/156/332
f 190/158/333 192/161/333 996/161/333 994/158/333
f 189/160/332 188/159/332 992/159/332 993/160/332
f 192/162/333 191/165/333 995/165/333 996/162/333
f 187/164/332 189/163/332 993/163/332 991/164/332
f 196/166/333 198/169/333 1002/169/333 1000/166/333
f 195/168/332 194/167/332 998/167/332 999/168/332
f 198/161/333 197/171/333 1001/171/333 1002/161/333
f 193/170/332 195/160/332 999/160/332 997/170/332
f 202/172/333 204/175/333 1008/175/333 1006/172/333
f 201/174/332 200/173/332 1004/173/332 1005/174/332
f 204/169/333 203/177/333 1007/177/333 1008/169/333
f 199/176/332 201/168/332 1005/168/332 1003/176/332
f 208/178/333 210/181/333 1014/181/333 1012/178/333
f 207/180/332 206/179/332 1010/179/332 1011/180/332
f 210/181/333 209/183/333 1013/183/333 1014/181/333
f 205/182/332 207/180/332 1011/180/332 1009/182/332
f 214/184/333 216/187/333 1020/187/333 1018/184/333
f 213/186/332 212/185/332 1016/185/332 1017/186/332
f 216/188/333 215/191/333 1019/191/333 1020/188/333
f 211/190/332 213/189/332 1017/189/332 1015/190/332
f 220/192/333 222/195/333 1026/195/333 1024/192/333
f 219/194/332 218/193/332 1022/193/332 1023/194/332
f 222/187/333 221/197/333 1025/197/333 1026/187/333
f 217/196/332 219/186/332 1023/186/332 1021/196/332
f 226/198/333 228/201/333 1032/201/333 1030/198/333
f 225/200/332 224/199/332 1028/199/332 1029/200/332
f 228/195/333 227/203/333 1031/203/333 1032/195/333
f 223/202/332 225/194/332 1029/194/332 1027/202/332
f 232/204/333 234/207/333 1038/207/333 1036/204/333
f 231/206/332 230/205/332 1034/205/332 1035/206/332
f 234/208/333 233/211/333 1037/211/333 1038/208/333
f 229/210/332 231/209/332 1035/209/332 1033/210/332
f 238/212/333 240/208/333 1044/208/333 1042/212/333
f 237/209/332 236/213/332 1040/213/332 1041/209/332
f 240/201/333 239/214/333 1043/214/333 1044/201/333
f 235/199/332 237/200/332 1041/200/332 1039/199/332
f 244/215/333 246/218/333 1050/218/333 1048/215/333
f 243/217/332 242/216/332 1046/216/332 1047/217/332
f 246/72/333 245/75/333 1049/75/333 1050/72/333
f 241/74/332 243/73/332 1047/73/332 1045/74/332
f 250/219/333 252/78/333 1056/78/333 1054/219/333
f 249/79/332 248/220/332 1052/220/332 1053/79/332
f 252/218/333 251/222/333 1055/222/333 1056/218/333
f 247/221/332 249/217/332 1053/217/332 1051/221/332
f 259/223/334 261/79/334 1065/79/334 1063/223/334
f 263/78/335 259/223/335 1063/223/335 1067/78/335
f 264/78/336 263/78/336 1067/78/336 1068/78/336
f 261/224/337 260/226/337 1064/226/337 1065/224/337
f 262/225/338 264/225/338 1068/225/338 1066/225/338
f 260/226/339 262/225/339 1066/225/339 1064/226/339
f 253/75/333 255/72/333 1059/72/333 1057/75/333
f 258/73/332 257/74/332 1061/74/332 1062/73/332
f 255/225/333 254/228/333 1058/228/333 1059/225/333
f 256/227/332 258/224/332 1062/224/332 1060/227/332
f 268/229/333 270/232/333 1074/232/333 1072/229/333
f 267/231/332 266/230/332 1070/230/332 1071/231/332
f 270/218/333 269/234/333 1073/234/333 1074/218/333
f 265/233/332 267/217/332 1071/217/332 1069/233/332
f 271/235/333 273/225/333 1077/225/333 1075/235/333
f 276/224/332 275/236/332 1079/236/332 1080/224/332
f 273/232/333 272/229/333 1076/229/333 1077/232/333
f 274/230/332 276/231/332 1080/231/332 1078/230/332
f 280/237/333 282/218/333 1086/218/333 1084/237/333
f 279/217/332 278/238/332 1082/238/332 1083/217/332
f 282/239/333 281/242/333 1085/242/333 1086/239/333
f 277/241/332 279/240/332 1083/240/332 1081/241/332
f 283/243/332 285/224/332 1089/224/332 1087/243/332
f 288/225/333 287/244/333 1091/244/333 1092/225/333
f 285/240/332 284/241/332 1088/241/332 1089/240/332
f 286/242/333 288/239/333 1092/239/333 1090/242/333
f 292/245/332 294/101/332 1098/101/332 1096/245/332
f 291/100/333 290/100/333 1094/100/333 1095/100/333
f 294/246/333 293/249/333 1097/249/333 1098/246/333
f 289/248/332 291/247/332 1095/247/332 1093/248/332
f 298/250/332 300/246/332 1104/246/332 1102/250/332
f 297/247/333 296/251/333 1100/251/333 1101/247/333
f 300/252/333 299/255/333 1103/255/333 1104/252/333
f 295/254/332 297/253/332 1101/253/332 1099/254/332
f 301/256/332 303/8/332 1107/8/332 1105/256/332
f 306/7/333 305/257/333 1109/257/333 1110/7/333
f 303/253/332 302/259/332 1106/259/332 1107/253/332
f 304/258/333 306/252/333 1110/252/333 1108/258/333
f 307/260/332 309/263/332 1113/263/332 1111/260/332
f 312/262/333 311/261/333 1115/261/333 1116/262/333
f 309/264/332 308/267/332 1112/267/332 1113/264/332
f 310/266/333 312/265/333 1116/265/333 1114/266/333
f 313/268/332 315/271/332 1119/271/332 1117/268/332
f 318/270/333 317/269/333 1121/269/333 1122/270/333
f 315/272/332 314/275/332 1118/275/332 1119/272/332
f 316/274/333 318/273/333 1122/273/333 1120/274/333
f 319/276/332 321/279/332 1125/279/332 1123/276/332
f 324/278/333 323/277/333 1127/277/333 1128/278/333
f 321/279/332 320/281/332 1124/281/332 1125/279/332
f 322/280/333 324/278/333 1128/278/333 1126/280/333
f 325/282/333 327/285/333 1131/285/333 1129/282/333
f 330/284/332 329/283/332 1133/283/332 1134/284/332
f 327/285/333 326/287/333 1130/287/333 1131/285/333
f 328/286/332 330/284/332 1134/284/332 1132/286/332
f 334/288/333 336/291/333 1140/291/333 1138/288/333
f 333/290/332 332/289/332 1136/289/332 1137/290/332
f 336/292/333 335/295/333 1139/295/333 1140/292/333
f 331/294/332 333/293/332 1137/293/332 1135/294/332
f 337/296/332 339/299/332 1143/299/332 1141/296/332
f 342/298/333 341/297/333 1145/297/333 1146/298/333
f 339/293/332 338/294/332 1142/294/332 1143/293/332
f 340/295/333 342/292/333 1146/292/333 1144/295/333
f 346/300/332 348/303/332 1152/303/332 1150/300/332
f 354/302/333 353/301/333 1157/301/333 1158/302/333
f 348/299/332 347/305/332 1151/305/332 1152/299/332
f 352/304/333 354/298/333 1158/298/333 1156/304/333
f 349/301/333 351/302/333 1155/302/333 1153/301/333
f 345/303/332 344/300/332 1148/300/332 1149/303/332
f 351/291/333 350/307/333 1154/307/333 1155/291/333
f 343/306/332 345/290/332 1149/290/332 1147/306/332
f 358/308/333 360/239/333 1164/239/333 1162/308/333
f 357/240/332 356/309/332 1160/309/332 1161/240/332
f 360/310/333 359/313/333 1163/313/333 1164/310/333
f 355/312/332 357/311/332 1161/311/332 1159/312/332
f 364/314/333 366/310/333 1170/310/333 1168/314/333
f 363/311/332 362/315/332 1166/315/332 1167/311/332
f 366/302/333 365/317/333 1169/317/333 1170/302/333
f 361/316/332 363/303/332 1167/303/332 1165/316/332
f 367/309/332 369/240/332 1173/240/332 1171/309/332
f 372/239/333 371/308/333 1175/308/333 1176/239/333
f 369/318/332 368/321/332 1172/321/332 1173/318/332
f 370/320/333 372/319/333 1176/319/333 1174/320/333
f 373/321/332 375/318/332 1179/318/332 1177/321/332
f 378/319/333 377/320/333 1181/320/333 1182/319/333
f 375/303/332 374/316/332 1178/316/332 1179/303/332
f 376/317/333 378/302/333 1182/302/333 1180/317/333
f 379/322/332 381/325/332 1185/325/332 1183/322/332
f 384/324/333 383/323/333 1187/323/333 1188/324/333
f 381/326/332 380/329/332 1184/329/332 1185/326/332
f 382/328/333 384/327/333 1188/327/333 1186/328/333
f 385/330/332 387/333/332 1191/333/332 1189/330/332
f 390/332/333 389/331/333 1193/331/333 1194/332/333
f 387/334/332 386/337/332 1190/337/332 1191/334/332
f 388/336/333 390/335/333 1194/335/333 1192/336/333
f 394/338/332 396/341/332 1200/341/332 1198/338/332
f 393/340/333 392/339/333 1196/339/333 1197/340/333
f 396/342/332 395/345/332 1199/345/332 1200/342/332
f 391/344/333 393/343/333 1197/343/333 1195/344/333
f 397/346/333 399/349/333 1203/349/333 1201/346/333
f 402/348/332 401/347/332 1205/347/332 1206/348/332
f 399/350/333 398/353/333 1202/353/333 1203/350/333
f 400/352/332 402/351/332 1206/351/332 1204/352/332
f 403/354/332 405/357/332 1209/357/332 1207/354/332
f 408/356/333 407/355/333 1211/355/333 1212/356/333
f 405/358/332 404/361/332 1208/361/332 1209/358/332
f 406/360/333 408/359/333 1212/359/333 1210/360/333
f 412/362/332 414/365/332 1218/365/332 1216/362/332
f 411/364/333 410/363/333 1214/363/333 1215/364/333
f 414/366/332 413/369/332 1217/369/332 1218/366/332
f 409/368/333 411/367/333 1215/367/333 1213/368/333
f 415/370/332 417/373/332 1221/373/332 1219/370/332
f 420/372/333 419/371/333 1223/371/333 1224/372/333
f 417/374/332 416/377/332 1220/377/332 1221/374/332
f 418/376/333 420/375/333 1224/375/333 1222/376/333
f 421/378/333 423/381/333 1227/381/333 1225/378/333
f 426/380/332 425/379/332 1229/379/332 1230/380/332
f 423/382/333 422/385/333 1226/385/333 1227/382/333
f 424/384/332 426/383/332 1230/383/332 1228/384/332
f 457/386/332 459/17/332 1263/17/332 1261/386/332
f 462/18/333 461/387/333 1265/387/333 1266/18/333
f 459/388/332 458/391/332 1262/391/332 1263/388/332
f 460/390/333 462/389/333 1266/389/333 1264/390/333
f 430/392/332 432/395/332 1236/395/332 1234/392/332
f 429/394/333 428/393/333 1232/393/333 1233/394/333
f 432/396/332 431/399/332 1235/399/332 1236/396/332
f 427/398/333 429/397/333 1233/397/333 1231/398/333
f 433/400/332 435/403/332 1239/403/332 1237/400/332
f 438/402/333 437/401/333 1241/401/333 1242/402/333
f 435/404/332 434/407/332 1238/407/332 1239/404/332
f 436/406/333 438/405/333 1242/405/333 1240/406/333
f 442/408/332 444/411/332 1248/411/332 1246/408/332
f 441/410/333 440/409/333 1244/409/333 1245/410/333
f 444/388/332 443/413/332 1247/413/332 1248/388/332
f 439/412/333 441/389/333 1245/389/333 1243/412/333
f 445/414/332 447/417/332 1251/417/332 1249/414/332
f 450/416/333 449/415/333 1253/415/333 1254/416/333
f 447/403/332 446/419/332 1250/419/332 1251/403/332
f 448/418/333 450/402/333 1254/402/333 1252/418/333
f 454/420/332 456/388/332 1260/388/332 1258/420/332
f 453/389/333 452/421/333 1256/421/333 1257/389/333
f 456/417/332 455/423/332 1259/423/332 1260/417/332
f 451/422/333 453/416/333 1257/416/333 1255/422/333
f 463/424/332 465/388/332 1269/388/332 1267/424/332
f 468/389/333 467/425/333 1271/425/333 1272/389/333
f 465/16/332 464/427/332 1268/427/332 1269/16/332
f 466/426/333 468/15/333 1272/15/333 1270/426/333
f 469/428/332 471/431/332 1275/431/332 1273/428/332
f 474/430/333 473/429/333 1277/429/333 1278/430/333
f 471/17/332 470/432/332 1274/432/332 1275/17/332
f 472/387/333 474/18/333 1278/18/333 1276/387/333
f 475/427/332 477/16/332 1281/16/332 1279/427/332
f 480/15/333 479/433/333 1283/433/333 1284/15/333
f 477/431/332 476/428/332 1280/428/332 1281/431/332
f 478/434/333 480/430/333 1284/430/333 1282/434/333
f 481/435/332 483/431/332 1287/431/332 1285/435/332
f 486/437/333 485/436/333 1289/436/333 1290/437/333
f 483/438/332 482/441/332 1286/441/332 1287/438/332
f 484/440/333 486/439/333 1290/439/333 1288/440/333
f 487/442/332 489/438/332 1293/438/332 1291/442/332
f 492/439/333 491/443/333 1295/443/333 1296/439/333
f 489/444/332 488/447/332 1292/447/332 1293/444/332
f 490/446/333 492/445/333 1296/445/333 1294/446/333
f 493/448/332 495/451/332 1299/451/332 1297/448/332
f 498/450/333 497/449/333 1301/449/333 1302/450/333
f 495/431/332 494/453/332 1298/453/332 1299/431/332
f 496/452/333 498/430/333 1302/430/333 1300/452/333
f 499/454/332 501/444/332 1305/444/332 1303/454/332
f 504/456/333 503/455/333 1307/455/333 1308/456/333
f 501/451/332 500/457/332 1304/457/332 1305/451/332
f 502/449/333 504/450/333 1308/450/333 1306/449/333
f 508/458/333 510/21/333 1314/21/333 1312/458/333
f 507/22/332 506/459/332 1310/459/332 1311/22/332
f 510/402/333 509/461/333 1313/461/333 1314/402/333
f 505/460/332 507/403/332 1311/403/332 1309/460/332
f 514/461/333 516/402/333 1320/402/333 1318/461/333
f 513/403/332 512/460/332 1316/460/332 1317/403/332
f 516/20/333 515/463/333 1319/463/333 1320/20/333
f 511/462/332 513/19/332 1317/19/332 1315/462/332
f 520/464/333 522/467/333 1326/467/333 1324/464/333
f 519/466/332 518/465/332 1322/465/332 1323/466/332
f 522/21/333 521/469/333 1325/469/333 1326/21/333
f 517/468/332 519/22/332 1323/22/332 1321/468/332
f 526/470/333 528/20/333 1332/20/333 1330/470/333
f 525/19/332 524/471/332 1328/471/332 1329/19/332
f 528/467/333 527/464/333 1331/464/333 1332/467/333
f 523/465/332 525/466/332 1329/466/332 1327/465/332
f 532/472/333 534/475/333 1338/475/333 1336/472/333
f 531/474/332 530/473/332 1334/473/332 1335/474/332
f 534/467/333 533/477/333 1337/477/333 1338/467/333
f 529/476/332 531/466/332 1335/466/332 1333/476/332
f 538/478/333 540/481/333 1344/481/333 1342/478/333
f 537/480/332 536/479/332 1340/479/332 1341/480/332
f 540/475/333 539/472/333 1343/472/333 1344/475/333
f 535/482/332 537/474/332 1341/474/332 1339/482/332
f 544/483/333 546/467/333 1350/467/333 1348/483/333
f 543/466/332 542/484/332 1346/484/332 1347/466/332
f 546/485/333 545/488/333 1349/488/333 1350/485/333
f 541/487/332 543/486/332 1347/486/332 1345/487/332
f 550/489/333 552/485/333 1356/485/333 1354/489/333
f 549/486/332 548/490/332 1352/490/332 1353/486/332
f 552/481/333 551/492/333 1355/492/333 1356/481/333
f 547/491/332 549/480/332 1353/480/332 1351/491/332
f 556/493/332 558/25/332 1362/25/332 1360/493/332
f 555/26/333 554/494/333 1358/494/333 1359/26/333
f 558/417/332 557/496/332 1361/496/332 1362/417/332
f 553/495/333 555/416/333 1359/416/333 1357/495/333
f 562/496/332 564/417/332 1368/417/332 1366/496/332
f 561/416/333 560/495/333 1364/495/333 1365/416/333
f 564/24/332 563/498/332 1367/498/332 1368/24/332
f 559/497/333 561/23/333 1365/23/333 1363/497/333
f 568/499/332 570/502/332 1374/502/332 1372/499/332
f 567/501/333 566/500/333 1370/500/333 1371/501/333
f 570/25/332 569/504/332 1373/504/332 1374/25/332
f 565/503/333 567/26/333 1371/26/333 1369/503/333
f 574/505/332 576/24/332 1380/24/332 1378/505/332
f 573/23/333 572/506/333 1376/506/333 1377/23/333
f 576/502/332 575/499/332 1379/499/332 1380/502/332
f 571/500/333 573/501/333 1377/501/333 1375/500/333
f 580/507/332 582/510/332 1386/510/332 1384/507/332
f 579/509/333 578/508/333 1382/508/333 1383/509/333
f 582/511/332 581/514/332 1385/514/332 1386/511/332
f 577/513/333 579/512/333 1383/512/333 1381/513/333
f 586/515/332 588/518/332 1392/518/332 1390/515/332
f 585/517/333 584/516/333 1388/516/333 1389/517/333
f 588/519/332 587/522/332 1391/522/332 1392/519/332
f 583/521/333 585/520/333 1389/520/333 1387/521/333
f 592/523/332 594/526/332 1398/526/332 1396/523/332
f 591/525/333 590/524/333 1394/524/333 1395/525/333
f 594/527/332 593/530/332 1397/530/332 1398/527/332
f 589/529/333 591/528/333 1395/528/333 1393/529/333
f 595/531/333 597/534/333 1401/534/333 1399/531/333
f 600/533/332 599/532/332 1403/532/332 1404/533/332
f 597/535/333 596/538/333 1400/538/333 1401/535/333
f 598/537/332 600/536/332 1404/536/332 1402/537/332
f 604/539/333 606/542/333 1410/542/333 1408/539/333
f 603/541/332 602/540/332 1406/540/332 1407/541/332
f 606/542/333 605/544/333 1409/544/333 1410/542/333
f 601/543/332 603/541/332 1407/541/332 1405/543/332
f 610/545/332 612/502/332 1416/502/332 1414/545/332
f 609/501/333 608/546/333 1412/546/333 1413/501/333
f 612/547/332 611/550/332 1415/550/332 1416/547/332
f 607/549/333 609/548/333 1413/548/333 1411/549/333
f 616/551/332 618/554/332 1422/554/332 1420/551/332
f 615/553/333 614/552/333 1418/552/333 1419/553/333
f 618/510/332 617/556/332 1421/556/332 1422/510/332
f 613/555/333 615/509/333 1419/509/333 1417/555/333
f 619/557/332 621/560/332 1425/560/332 1423/557/332
f 624/559/333 623/558/333 1427/558/333 1428/559/333
f 621/561/332 620/564/332 1424/564/332 1425/561/332
f 622/563/333 624/562/333 1428/562/333 1426/563/333
f 625/565/332 627/568/332 1431/568/332 1429/565/332
f 630/567/333 629/566/333 1433/566/333 1434/567/333
f 627/569/332 626/572/332 1430/572/332 1431/569/332
f 628/571/333 630/570/333 1434/570/333 1432/571/333
f 634/573/333 636/576/333 1440/576/333 1438/573/333
f 633/575/332 632/574/332 1436/574/332 1437/575/332
f 636/576/333 635/578/333 1439/578/333 1440/576/333
f 631/577/332 633/575/332 1437/575/332 1435/577/332
f 637/579/333 639/582/333 1443/582/333 1441/579/333
f 642/581/332 641/580/332 1445/580/332 1446/581/332
f 639/582/333 638/584/333 1442/584/333 1443/582/333
f 640/583/332 642/581/332 1446/581/332 1444/583/332
f 646/585/333 648/588/333 1452/588/333 1450/585/333
f 645/587/332 644/586/332 1448/586/332 1449/587/332
f 648/588/333 647/590/333 1451/590/333 1452/588/333
f 643/589/332 645/587/332 1449/587/332 1447/589/332
f 649/591/340 651/594/340 1455/594/340 1453/591/340
f 653/592/341 649/591/341 1453/591/341 1457/592/341
f 654/593/342 653/592/342 1457/592/342 1458/593/342
f 651/595/343 650/595/343 1454/595/343 1455/595/343
f 652/596/344 654/596/344 1458/596/344 1456/596/344
f 650/595/345 652/596/345 1456/596/345 1454/595/345
f 658/597/333 660/600/333 1464/600/333 1462/597/333
f 657/599/332 656/598/332 1460/598/332 1461/599/332
f 660/252/333 659/602/333 1463/602/333 1464/252/333
f 655/601/332 657/253/332 1461/253/332 1459/601/332
f 664/603/346 666/605/346 1470/605/346 1468/603/346
f 662/604/339 664/603/339 1468/603/339 1466/604/339
f 663/604/347 662/604/347 1466/604/347 1467/604/347
f 666/252/348 665/606/348 1469/606/348 1470/252/348
f 661/253/349 663/253/349 1467/253/349 1465/253/349
f 665/606/335 661/253/335 1465/253/335 1469/606/335
f 673/263/350 675/608/350 1479/608/350 1477/263/350
f 668/262/351 673/263/351 1477/263/351 1472/262/351
f 669/607/352 668/262/352 1472/262/352 1473/607/352
f 675/608/353 674/610/353 1478/610/353 1479/608/353
f 667/609/354 669/607/354 1473/607/354 1471/609/354
f 674/610/355 667/609/355 1471/609/355 1478/610/355
f 670/611/356 672/614/356 1476/614/356 1474/611/356
f 677/612/237 670/611/237 1474/611/237 1481/612/237
f 678/613/357 677/612/357 1481/612/357 1482/613/357
f 672/614/358 671/272/358 1475/272/358 1476/614/358
f 676/615/359 678/613/359 1482/613/359 1480/615/359
f 671/272/360 676/615/360 1480/615/360 1475/272/360
f 688/616/333 690/619/333 1494/619/333 1492/616/333
f 687/618/332 686/617/332 1490/617/332 1491/618/332
f 690/600/333 689/621/333 1493/621/333 1494/600/333
f 685/620/332 687/599/332 1491/599/332 1489/620/332
f 682/622/333 684/605/333 1488/605/333 1486/622/333
f 681/604/332 680/623/332 1484/623/332 1485/604/332
f 684/619/333 683/625/333 1487/625/333 1488/619/333
f 679/624/332 681/618/332 1485/618/332 1483/624/332
f 694/626/332 696/33/332 1500/33/332 1498/626/332
f 693/34/333 692/627/333 1496/627/333 1497/34/333
f 696/628/332 695/631/332 1499/631/332 1500/628/332
f 691/630/333 693/629/333 1497/629/333 1495/630/333
f 700/632/361 702/33/361 1506/33/361 1504/632/361
f 698/34/362 700/632/362 1504/632/362 1502/34/362
f 699/34/363 698/34/363 1502/34/363 1503/34/363
f 702/633/364 701/633/364 1505/633/364 1506/633/364
f 697/634/365 699/634/365 1503/634/365 1501/634/365
f 701/633/366 697/634/366 1501/634/366 1505/633/366
f 712/635/332 714/633/332 1518/633/332 1516/635/332
f 708/634/333 707/636/333 1511/636/333 1512/634/333
f 714/36/332 713/638/332 1517/638/332 1518/36/332
f 706/637/333 708/35/333 1512/35/333 1510/637/333
f 709/639/367 711/36/367 1515/36/367 1513/639/367
f 704/35/362 709/639/362 1513/639/362 1508/35/362
f 705/35/368 704/35/368 1508/35/368 1509/35/368
f 711/628/369 710/631/369 1514/631/369 1515/628/369
f 703/629/370 705/629/370 1509/629/370 1507/629/370
f 710/631/366 703/629/366 1507/629/366 1514/631/366
f 715/640/333 717/72/333 1521/72/333 1519/640/333
f 720/73/332 719/641/332 1523/641/332 1524/73/332
f 717/642/333 716/645/333 1520/645/333 1521/642/333
f 718/644/332 720/643/332 1524/643/332 1522/644/332
f 721/645/333 723/642/333 1527/642/333 1525/645/333
f 726/643/332 725/644/332 1529/644/332 1530/643/332
f 723/78/333 722/647/333 1526/647/333 1527/78/333
f 724/646/332 726/79/332 1530/79/332 1528/646/332
f 727/648/332 729/106/332 1533/106/332 1531/648/332
f 735/107/333 734/113/333 1538/113/333 1539/107/333
f 729/649/332 728/652/332 1532/652/332 1533/649/332
f 733/651/333 735/650/333 1539/650/333 1537/651/333
f 730/653/332 732/656/332 1536/656/332 1534/653/332
f 738/655/333 737/654/333 1541/654/333 1542/655/333
f 732/106/332 731/658/332 1535/658/332 1536/106/332
f 736/657/333 738/107/333 1542/107/333 1540/657/333
f 739/659/332 741/649/332 1545/649/332 1543/659/332
f 747/650/333 746/660/333 1550/660/333 1551/650/333
f 741/42/332 740/662/332 1544/662/332 1545/42/332
f 745/661/333 747/41/333 1551/41/333 1549/661/333
f 742/663/371 744/656/371 1548/656/371 1546/663/371
f 749/655/372 742/663/372 1546/663/372 1553/655/372
f 750/655/373 749/655/373 1553/655/373 1554/655/373
f 744/42/374 743/42/374 1547/42/374 1548/42/374
f 748/41/375 750/41/375 1554/41/375 1552/41/375
f 743/42/376 748/41/376 1552/41/376 1547/42/376
f 754/664/377 756/100/377 1560/100/377 1558/664/377
f 752/101/366 754/664/366 1558/664/366 1556/101/366
f 753/101/378 752/101/378 1556/101/378 1557/101/378
f 756/42/379 755/665/379 1559/665/379 1560/42/379
f 751/41/380 753/41/380 1557/41/380 1555/41/380
f 755/665/362 751/41/362 1555/41/362 1559/665/362
f 757/99/332 759/100/332 1563/100/332 1561/99/332
f 768/101/333 767/666/333 1571/666/333 1572/101/333
f 759/46/332 758/668/332 1562/668/332 1563/46/332
f 766/667/333 768/45/333 1572/45/333 1570/667/333
f 760/669/332 762/43/332 1566/43/332 1564/669/332
f 765/44/333 764/670/333 1568/670/333 1569/44/333
f 762/100/332 761/99/332 1565/99/332 1566/100/332
f 763/666/333 765/101/333 1569/101/333 1567/666/333
f 769/671/332 771/46/332 1575/46/332 1573/671/332
f 780/45/333 779/672/333 1583/672/333 1584/45/333
f 771/673/332 770/676/332 1574/676/332 1575/673/332
f 778/675/333 780/674/333 1584/674/333 1582/675/333
f 772/676/332 774/673/332 1578/673/332 1576/676/332
f 777/674/333 776/675/333 1580/675/333 1581/674/333
f 774/43/332 773/678/332 1577/678/332 1578/43/332
f 775/677/333 777/44/333 1581/44/333 1579/677/333
f 781/679/332 783/682/332 1587/682/332 1585/679/332
f 786/681/333 785/680/333 1589/680/333 1590/681/333
f 783/673/332 782/685/332 1586/685/332 1587/673/332
f 784/684/333 786/683/333 1590/683/333 1588/684/333
f 787/686/332 789/689/332 1593/689/332 1591/686/332
f 792/688/333 791/687/333 1595/687/333 1596/688/333
f 789/682/332 788/691/332 1592/691/332 1593/682/332
f 790/690/333 792/681/333 1596/681/333 1594/690/333
f 793/692/332 795/673/332 1599/673/332 1597/692/332
f 798/674/333 797/693/333 1601/693/333 1602/674/333
f 795/694/332 794/697/332 1598/697/332 1599/694/332
f 796/696/333 798/695/333 1602/695/333 1600/696/333
f 799/698/332 801/694/332 1605/694/332 1603/698/332
f 804/695/333 803/699/333 1607/699/333 1608/695/333
f 801/689/332 800/702/332 1604/702/332 1605/689/332
f 802/701/333 804/700/333 1608/700/333 1606/701/333
f 7/206/332 73/55/332 877/55/332 811/206/332
f 77/56/333 8/207/333 812/207/333 881/56/333
f 83/54/333 76/59/333 880/59/333 887/54/333
f 74/60/332 79/53/332 883/53/332 878/60/332
f 80/48/332 85/65/332 889/65/332 884/48/332
f 89/66/333 82/47/333 886/47/333 893/66/333
f 86/62/332 91/69/332 895/69/332 890/62/332
f 95/70/333 88/61/333 892/61/333 899/70/333
f 92/68/332 97/74/332 901/74/332 896/68/332
f 101/75/333 94/67/333 898/67/333 905/75/333
f 98/71/332 256/227/332 1060/227/332 902/71/332
f 254/228/333 100/59/333 904/59/333 1058/228/333
f 107/81/333 112/82/333 916/82/333 911/81/333
f 110/83/332 103/80/332 907/80/332 914/83/332
f 263/703/381 106/76/381 910/76/381 1067/703/381
f 260/226/382 263/703/382 1067/703/382 1064/226/382
f 104/77/383 260/226/383 1064/226/383 908/77/383
f 113/59/333 118/86/333 922/86/333 917/59/333
f 116/87/332 109/77/332 913/77/332 920/87/332
f 119/91/333 124/92/333 928/92/333 923/91/333
f 122/93/332 115/90/332 919/90/332 926/93/332
f 125/97/333 130/98/333 934/98/333 929/97/333
f 128/99/332 121/96/332 925/96/332 932/99/332
f 131/103/333 136/104/333 940/104/333 935/103/333
f 134/105/332 127/102/332 931/102/332 938/105/332
f 137/109/333 733/651/333 1537/651/333 941/109/333
f 728/652/332 133/108/332 937/108/332 1532/652/332
f 737/654/333 142/110/333 946/110/333 1541/654/333
f 140/111/332 730/653/332 1534/653/332 944/111/332
f 143/113/333 68/41/333 872/41/333 947/113/333
f 67/42/332 139/112/332 943/112/332 871/42/332
f 149/119/333 154/120/333 958/120/333 953/119/333
f 152/121/332 145/118/332 949/118/332 956/121/332
f 2/34/333 148/114/333 952/114/333 806/34/333
f 146/115/332 1/33/332 805/33/332 950/115/332
f 155/125/333 160/126/333 964/126/333 959/125/333
f 158/127/332 151/124/332 955/124/332 962/127/332
f 161/131/333 166/132/333 970/132/333 965/131/333
f 164/133/332 157/130/332 961/130/332 968/133/332
f 167/137/333 4/31/333 808/31/333 971/137/333
f 3/32/332 163/136/332 967/136/332 807/32/332
f 173/143/333 178/144/333 982/144/333 977/143/333
f 176/145/332 169/142/332 973/142/332 980/145/332
f 4/704/333 172/138/333 976/138/333 808/704/333
f 170/139/332 3/705/332 807/705/332 974/139/332
f 179/151/333 184/152/333 988/152/333 983/151/333
f 182/153/332 175/150/332 979/150/332 986/153/332
f 185/157/333 190/158/333 994/158/333 989/157/333
f 188/159/332 181/156/332 985/156/332 992/159/332
f 191/165/333 6/707/333 810/707/333 995/165/333
f 5/706/332 187/164/332 991/164/332 809/706/332
f 197/171/333 202/172/333 1006/172/333 1001/171/333
f 200/173/332 193/170/332 997/170/332 1004/173/332
f 6/707/333 196/166/333 1000/166/333 810/707/333
f 194/167/332 5/706/332 809/706/332 998/167/332
f 203/177/333 208/178/333 1012/178/333 1007/177/333
f 206/179/332 199/176/332 1003/176/332 1010/179/332
f 209/183/333 214/184/333 1018/184/333 1013/183/333
f 212/185/332 205/182/332 1009/182/332 1016/185/332
f 215/191/333 220/192/333 1024/192/333 1019/191/333
f 218/193/332 211/190/332 1015/190/332 1022/193/332
f 221/197/333 226/198/333 1030/198/333 1025/197/333
f 224/199/332 217/196/332 1021/196/332 1028/199/332
f 227/203/333 12/709/333 816/709/333 1031/203/333
f 11/708/332 223/202/332 1027/202/332 815/708/332
f 230/205/332 235/199/332 1039/199/332 1034/205/332
f 239/214/333 232/204/333 1036/204/333 1043/214/333
f 9/57/332 229/210/332 1033/210/332 813/57/332
f 233/211/333 10/58/333 814/58/333 1037/211/333
f 12/709/333 238/212/333 1042/212/333 816/709/333
f 236/213/332 11/708/332 815/708/332 1040/213/332
f 245/75/333 268/229/333 1072/229/333 1049/75/333
f 266/230/332 241/74/332 1045/74/332 1070/230/332
f 242/216/332 718/644/332 1522/644/332 1046/216/332
f 716/645/333 244/215/333 1048/215/333 1520/645/333
f 251/222/333 721/645/333 1525/645/333 1055/222/333
f 725/644/332 247/221/332 1051/221/332 1529/644/332
f 248/220/332 277/241/332 1081/241/332 1052/220/332
f 281/242/333 250/219/333 1054/219/333 1085/242/333
f 257/74/332 274/230/332 1078/230/332 1061/74/332
f 272/229/333 253/75/333 1057/75/333 1076/229/333
f 262/78/384 286/242/384 1090/242/384 1066/78/384
f 259/223/385 262/78/385 1066/78/385 1063/223/385
f 284/241/386 259/223/386 1063/223/386 1088/241/386
f 275/236/332 265/233/332 1069/233/332 1079/236/332
f 269/234/333 271/235/333 1075/235/333 1073/234/333
f 278/238/332 355/312/332 1159/312/332 1082/238/332
f 359/313/333 280/237/333 1084/237/333 1163/313/333
f 287/244/333 370/320/333 1174/320/333 1091/244/333
f 368/321/332 283/243/332 1087/243/332 1172/321/332
f 758/668/332 289/248/332 1093/248/332 1562/668/332
f 293/249/333 766/667/333 1570/667/333 1097/249/333
f 15/33/332 290/100/332 1094/100/332 819/33/332
f 292/245/333 16/34/333 820/34/333 1096/245/333
f 298/250/333 22/262/333 826/262/333 1102/250/333
f 21/263/332 296/251/332 1100/251/332 825/263/332
f 299/255/333 59/40/333 863/40/333 1103/255/333
f 60/39/332 295/254/332 1099/254/332 864/39/332
f 302/259/332 61/38/332 865/38/332 1106/259/332
f 62/37/333 304/258/333 1108/258/333 866/37/333
f 305/257/333 24/273/333 828/273/333 1109/257/333
f 23/272/332 301/256/332 1105/256/332 827/272/332
f 311/261/333 32/711/333 836/711/333 1115/261/333
f 31/710/332 307/260/332 1111/260/332 835/710/332
f 22/252/333 310/266/333 1114/266/333 826/252/333
f 308/267/332 21/253/332 825/253/332 1112/267/332
f 314/275/332 58/713/332 862/713/332 1118/275/332
f 57/712/333 316/274/333 1120/274/333 861/712/333
f 23/253/332 313/268/332 1117/268/332 827/253/332
f 317/269/333 24/252/333 828/252/333 1121/269/333
f 320/281/332 415/370/332 1219/370/332 1124/281/332
f 419/371/333 322/280/333 1126/280/333 1223/371/333
f 25/714/332 319/276/332 1123/276/332 829/714/332
f 323/277/333 26/715/333 830/715/333 1127/277/333
f 329/283/332 631/577/332 1435/577/332 1133/283/332
f 635/578/333 325/282/333 1129/282/333 1439/578/333
f 58/713/332 328/286/332 1132/286/332 862/713/332
f 326/287/333 57/712/333 861/712/333 1130/287/333
f 344/300/332 331/294/332 1135/294/332 1148/300/332
f 335/295/333 349/301/333 1153/301/333 1139/295/333
f 341/297/333 334/288/333 1138/288/333 1145/297/333
f 332/289/332 337/296/332 1141/296/332 1136/289/332
f 353/301/333 340/295/333 1144/295/333 1157/301/333
f 338/294/332 346/300/332 1150/300/332 1142/294/332
f 350/307/333 364/314/333 1168/314/333 1154/307/333
f 362/315/332 343/306/332 1147/306/332 1166/315/332
f 347/305/332 373/321/332 1177/321/332 1151/305/332
f 377/320/333 352/304/333 1156/304/333 1181/320/333
f 356/309/332 361/316/332 1165/316/332 1160/309/332
f 365/317/333 358/308/333 1162/308/333 1169/317/333
f 371/308/333 376/317/333 1180/317/333 1175/308/333
f 374/316/332 367/309/332 1171/309/332 1178/316/332
f 401/347/332 379/322/332 1183/322/332 1205/347/332
f 383/323/333 397/346/333 1201/346/333 1187/323/333
f 389/331/333 382/328/333 1186/328/333 1193/331/333
f 380/329/332 385/330/332 1189/330/332 1184/329/332
f 392/339/333 388/336/333 1192/336/333 1196/339/333
f 386/337/332 394/338/332 1198/338/332 1190/337/332
f 395/345/332 412/362/332 1216/362/332 1199/345/332
f 410/363/333 391/344/333 1195/344/333 1214/363/333
f 398/353/333 421/378/333 1225/378/333 1202/353/333
f 425/379/332 400/352/332 1204/352/332 1229/379/332
f 32/711/333 406/360/333 1210/360/333 836/711/333
f 404/361/332 31/710/332 835/710/332 1208/361/332
f 407/355/333 409/368/333 1213/368/333 1211/355/333
f 413/369/332 403/354/332 1207/354/332 1217/369/332
f 416/377/332 424/384/332 1228/384/332 1220/377/332
f 422/385/333 418/376/333 1222/376/333 1226/385/333
f 26/715/333 427/398/333 1231/398/333 830/715/333
f 431/399/332 25/714/332 829/714/332 1235/399/332
f 428/393/333 439/412/333 1243/412/333 1232/393/333
f 443/413/332 430/392/332 1234/392/332 1247/413/332
f 434/407/332 511/462/332 1315/462/332 1238/407/332
f 515/463/333 436/406/333 1240/406/333 1319/463/333
f 27/12/332 433/400/332 1237/400/332 831/12/332
f 437/401/333 28/11/333 832/11/333 1241/401/333
f 440/409/333 466/426/333 1270/426/333 1244/409/333
f 464/427/332 442/408/332 1246/408/332 1268/427/332
f 506/459/332 445/414/332 1249/414/332 1310/459/332
f 449/415/333 508/458/333 1312/458/333 1253/415/333
f 554/494/333 448/418/333 1252/418/333 1358/494/333
f 446/419/332 556/493/332 1360/493/332 1250/419/332
f 461/387/333 451/422/333 1255/422/333 1265/387/333
f 455/423/332 457/386/332 1261/386/332 1259/423/332
f 452/421/333 559/497/333 1363/497/333 1256/421/333
f 563/498/332 454/420/332 1258/420/332 1367/498/332
f 458/391/332 469/428/332 1273/428/332 1262/391/332
f 473/429/333 460/390/333 1264/390/333 1277/429/333
f 467/425/333 478/434/333 1282/434/333 1271/425/333
f 476/428/332 463/424/332 1267/424/332 1280/428/332
f 470/432/332 493/448/332 1297/448/332 1274/432/332
f 497/449/333 472/387/333 1276/387/333 1301/449/333
f 479/433/333 484/440/333 1288/440/333 1283/433/333
f 482/441/332 475/427/332 1279/427/332 1286/441/332
f 485/436/333 490/446/333 1294/446/333 1289/436/333
f 488/447/332 481/435/332 1285/435/332 1292/447/332
f 35/16/332 487/442/332 1291/442/332 839/16/332
f 491/443/333 36/15/333 840/15/333 1295/443/333
f 494/453/332 499/454/332 1303/454/332 1298/453/332
f 503/455/333 496/452/333 1300/452/333 1307/455/333
f 34/18/333 502/449/333 1306/449/333 838/18/333
f 500/457/332 33/17/332 837/17/332 1304/457/332
f 509/461/333 520/464/333 1324/464/333 1313/461/333
f 518/465/332 505/460/332 1309/460/332 1322/465/332
f 512/460/332 523/465/332 1327/465/332 1316/460/332
f 527/464/333 514/461/333 1318/461/333 1331/464/333
f 521/469/333 532/472/333 1336/472/333 1325/469/333
f 530/473/332 517/468/332 1321/468/332 1334/473/332
f 524/471/332 541/487/332 1345/487/332 1328/471/332
f 545/488/333 526/470/333 1330/470/333 1349/488/333
f 533/477/333 538/478/333 1342/478/333 1337/477/333
f 536/479/332 529/476/332 1333/476/332 1340/479/332
f 37/22/332 535/482/332 1339/482/332 841/22/332
f 539/472/333 38/21/333 842/21/333 1343/472/333
f 542/484/332 547/491/332 1351/491/332 1346/484/332
f 551/492/333 544/483/333 1348/483/333 1355/492/333
f 40/20/333 550/489/333 1354/489/333 844/20/333
f 548/490/332 39/19/332 843/19/332 1352/490/332
f 557/496/332 568/499/332 1372/499/332 1361/496/332
f 566/500/333 553/495/333 1357/495/333 1370/500/333
f 560/495/333 571/500/333 1375/500/333 1364/495/333
f 575/499/332 562/496/332 1366/496/332 1379/499/332
f 569/504/332 46/511/332 850/511/332 1373/504/332
f 45/512/333 565/503/333 1369/503/333 849/512/333
f 572/506/333 607/549/333 1411/549/333 1376/506/333
f 611/550/332 574/505/332 1378/505/332 1415/550/332
f 578/508/333 49/27/333 853/27/333 1382/508/333
f 50/28/332 580/507/332 1384/507/332 854/28/332
f 41/26/333 577/513/333 1381/513/333 845/26/333
f 581/514/332 42/25/332 846/25/332 1385/514/332
f 587/522/332 51/717/332 855/717/332 1391/522/332
f 52/716/333 583/521/333 1387/521/333 856/716/333
f 599/532/332 586/515/332 1390/515/332 1403/532/332
f 584/516/333 595/531/333 1399/531/333 1388/516/333
f 47/30/333 589/529/333 1393/529/333 851/30/333
f 593/530/332 48/29/332 852/29/332 1397/530/332
f 51/717/332 592/523/332 1396/523/332 855/717/332
f 590/524/333 52/716/333 856/716/333 1394/524/333
f 602/540/332 598/537/332 1402/537/332 1406/540/332
f 596/538/333 604/539/333 1408/539/333 1400/538/333
f 46/511/332 601/543/332 1405/543/332 850/511/332
f 605/544/333 45/512/333 849/512/333 1409/544/333
f 608/546/333 622/563/333 1426/563/333 1412/546/333
f 620/564/332 610/545/332 1414/545/332 1424/564/332
f 617/556/332 54/719/332 858/719/332 1421/556/332
f 53/718/333 613/555/333 1417/555/333 857/718/333
f 44/24/332 616/551/332 1420/551/332 848/24/332
f 614/552/333 43/23/333 847/23/333 1418/552/333
f 623/558/333 628/571/333 1432/571/333 1427/558/333
f 626/572/332 619/557/332 1423/557/332 1430/572/332
f 629/566/333 53/718/333 857/718/333 1433/566/333
f 54/719/332 625/565/332 1429/565/332 858/719/332
f 632/574/332 643/589/332 1447/589/332 1436/574/332
f 647/590/333 634/573/333 1438/573/333 1451/590/333
f 638/584/387 650/595/387 1454/595/387 1442/584/387
f 653/720/388 640/583/388 1444/583/388 1457/720/388
f 650/595/389 653/720/389 1457/720/389 1454/595/389
f 29/721/333 637/579/333 1441/579/333 833/721/333
f 641/580/332 30/722/332 834/722/332 1445/580/332
f 644/586/332 58/713/332 862/713/332 1448/586/332
f 57/712/333 646/585/333 1450/585/333 861/712/333
f 652/593/390 56/14/390 860/14/390 1456/593/390
f 649/591/391 652/593/391 1456/593/391 1453/591/391
f 55/13/392 649/591/392 1453/591/392 859/13/392
f 22/262/333 658/597/333 1462/597/333 826/262/333
f 656/598/332 21/263/332 825/263/332 1460/598/332
f 659/602/333 688/616/333 1492/616/333 1463/602/333
f 686/617/332 655/601/332 1459/601/332 1490/617/332
f 24/273/393 664/603/393 1468/603/393 828/273/393
f 661/604/394 23/272/394 827/272/394 1465/604/394
f 664/603/395 661/604/395 1465/604/395 1468/603/395
f 662/259/396 679/624/396 1483/624/396 1466/259/396
f 665/606/397 662/259/397 1466/259/397 1469/606/397
f 683/625/398 665/606/398 1469/606/398 1487/625/398
f 674/610/399 60/247/399 864/247/399 1478/610/399
f 668/262/400 674/610/400 1478/610/400 1472/262/400
f 59/246/401 668/262/401 1472/262/401 863/246/401
f 673/263/402 685/620/402 1489/620/402 1477/263/402
f 667/609/403 673/263/403 1477/263/403 1471/609/403
f 689/621/404 667/609/404 1471/609/404 1493/621/404
f 61/8/402 671/272/402 1475/272/402 865/8/402
f 677/612/405 62/7/405 866/7/405 1481/612/405
f 671/272/406 677/612/406 1481/612/406 1475/272/406
f 680/623/399 670/611/399 1474/611/399 1484/623/399
f 676/615/401 682/622/401 1486/622/401 1480/615/401
f 670/611/407 676/615/407 1480/615/407 1474/611/407
f 20/7/333 691/630/333 1495/630/333 824/7/333
f 695/631/332 18/8/332 822/8/332 1499/631/332
f 692/627/408 703/723/408 1507/723/408 1496/627/408
f 709/639/409 694/626/409 1498/626/409 1513/639/409
f 703/723/410 709/639/410 1513/639/410 1507/723/410
f 698/724/411 16/246/411 820/246/411 1502/724/411
f 701/633/412 698/724/412 1502/724/412 1505/633/412
f 15/247/413 701/633/413 1505/633/413 819/247/413
f 697/34/414 706/637/414 1510/637/414 1501/34/414
f 700/632/415 697/34/415 1501/34/415 1504/632/415
f 713/638/416 700/632/416 1504/632/416 1517/638/416
f 64/7/417 704/629/417 1508/629/417 868/7/417
f 710/631/418 66/8/418 870/8/418 1514/631/418
f 704/629/419 710/631/419 1514/631/419 1508/629/419
f 707/636/333 65/246/333 869/246/333 1511/636/333
f 63/247/332 712/635/332 1516/635/332 867/247/332
f 719/641/332 724/646/332 1528/646/332 1523/641/332
f 722/647/333 715/640/333 1519/640/333 1526/647/333
f 734/113/333 745/661/333 1549/661/333 1538/113/333
f 740/662/332 727/648/332 1531/648/332 1544/662/332
f 731/658/420 743/42/420 1547/42/420 1535/658/420
f 749/725/421 736/657/421 1540/657/421 1553/725/421
f 743/42/422 749/725/422 1553/725/422 1547/42/422
f 746/660/381 751/726/381 1555/726/381 1550/660/381
f 754/664/383 739/659/383 1543/659/383 1558/664/383
f 751/726/382 754/664/382 1558/664/382 1555/726/382
f 748/655/423 68/34/423 872/34/423 1552/655/423
f 742/663/424 748/655/424 1552/655/424 1546/663/424
f 67/33/425 742/663/425 1546/663/425 871/33/425
f 755/665/386 13/1/386 817/1/386 1559/665/386
f 752/41/385 755/665/385 1559/665/385 1556/41/385
f 14/2/384 752/41/384 1556/41/384 818/2/384
f 767/666/333 778/675/333 1582/675/333 1571/666/333
f 770/676/332 757/99/332 1561/99/332 1574/676/332
f 17/4/332 760/669/332 1564/669/332 821/4/332
f 764/670/333 19/3/333 823/3/333 1568/670/333
f 761/99/332 772/676/332 1576/676/332 1565/99/332
f 776/675/333 763/666/333 1567/666/333 1580/675/333
f 779/672/333 796/696/333 1600/696/333 1583/672/333
f 794/697/332 769/671/332 1573/671/332 1598/697/332
f 773/678/332 781/679/332 1585/679/332 1577/678/332
f 785/680/333 775/677/333 1579/677/333 1589/680/333
f 782/685/332 787/686/332 1591/686/332 1586/685/332
f 791/687/333 784/684/333 1588/684/333 1595/687/333
f 71/44/333 790/690/333 1594/690/333 875/44/333
f 788/691/332 70/43/332 874/43/332 1592/691/332
f 797/693/333 802/701/333 1606/701/333 1601/693/333
f 800/702/332 793/692/332 1597/692/332 1604/702/332
f 69/46/332 799/698/332 1603/698/332 873/46/332
f 803/699/333 72/45/333 876/45/333 1607/699/333
